Copyright 1986-2022 Xilinx, Inc. All Rights Reserved. Copyright 2022-2023 Advanced Micro Devices, Inc. All Rights Reserved.
------------------------------------------------------------------------------------------------------------------------------------------------------------------------------------------------------------------------------------------------------------------
| Tool Version : Vivado v.2023.1 (win64) Build 3865809 Sun May  7 15:05:29 MDT 2023
| Date         : Fri May 26 21:58:40 2023
| Host         : hyurtle running 64-bit major release  (build 9200)
| Command      : report_timing_summary -max_paths 10 -report_unconstrained -file debounce_box_calculator_timing_summary_routed.rpt -pb debounce_box_calculator_timing_summary_routed.pb -rpx debounce_box_calculator_timing_summary_routed.rpx -warn_on_violation
| Design       : debounce_box_calculator
| Device       : 7a35t-cpg236
| Speed File   : -1  PRODUCTION 1.23 2018-06-13
| Design State : Routed
------------------------------------------------------------------------------------------------------------------------------------------------------------------------------------------------------------------------------------------------------------------

Timing Summary Report

------------------------------------------------------------------------------------------------
| Timer Settings
| --------------
------------------------------------------------------------------------------------------------

  Enable Multi Corner Analysis               :  Yes
  Enable Pessimism Removal                   :  Yes
  Pessimism Removal Resolution               :  Nearest Common Node
  Enable Input Delay Default Clock           :  No
  Enable Preset / Clear Arcs                 :  No
  Disable Flight Delays                      :  No
  Ignore I/O Paths                           :  No
  Timing Early Launch at Borrowing Latches   :  No
  Borrow Time for Max Delay Exceptions       :  Yes
  Merge Timing Exceptions                    :  Yes

  Corner  Analyze    Analyze    
  Name    Max Paths  Min Paths  
  ------  ---------  ---------  
  Slow    Yes        Yes        
  Fast    Yes        Yes        


------------------------------------------------------------------------------------------------
| Report Methodology
| ------------------
------------------------------------------------------------------------------------------------

Rule       Severity          Description                    Violations  
---------  ----------------  -----------------------------  ----------  
TIMING-17  Critical Warning  Non-clocked sequential cell    51          
TIMING-18  Warning           Missing input or output delay  1           

Note: This report is based on the most recent report_methodology run and may not be up-to-date. Run report_methodology on the current design for the latest report.



check_timing report

Table of Contents
-----------------
1. checking no_clock (102)
2. checking constant_clock (0)
3. checking pulse_width_clock (0)
4. checking unconstrained_internal_endpoints (99)
5. checking no_input_delay (9)
6. checking no_output_delay (8)
7. checking multiple_clock (0)
8. checking generated_clocks (0)
9. checking loops (0)
10. checking partial_input_delay (0)
11. checking partial_output_delay (0)
12. checking latch_loops (0)

1. checking no_clock (102)
--------------------------
 There are 51 register/latch pins with no clock driven by root clock pin: butn/Debouncing_FF1/Q_reg/Q (HIGH)

 There are 51 register/latch pins with no clock driven by root clock pin: butn/Debouncing_FF2/Q_reg/Q (HIGH)


2. checking constant_clock (0)
------------------------------
 There are 0 register/latch pins with constant_clock.


3. checking pulse_width_clock (0)
---------------------------------
 There are 0 register/latch pins which need pulse_width check


4. checking unconstrained_internal_endpoints (99)
-------------------------------------------------
 There are 99 pins that are not constrained for maximum delay. (HIGH)

 There are 0 pins that are not constrained for maximum delay due to constant clock.


5. checking no_input_delay (9)
------------------------------
 There are 9 input ports with no input delay specified. (HIGH)

 There are 0 input ports with no input delay but user has a false path constraint.


6. checking no_output_delay (8)
-------------------------------
 There are 8 ports with no output delay specified. (HIGH)

 There are 0 ports with no output delay but user has a false path constraint

 There are 0 ports with no output delay but with a timing clock defined on it or propagating through it


7. checking multiple_clock (0)
------------------------------
 There are 0 register/latch pins with multiple clocks.


8. checking generated_clocks (0)
--------------------------------
 There are 0 generated clocks that are not connected to a clock source.


9. checking loops (0)
---------------------
 There are 0 combinational loops in the design.


10. checking partial_input_delay (0)
------------------------------------
 There are 0 input ports with partial input delay specified.


11. checking partial_output_delay (0)
-------------------------------------
 There are 0 ports with partial output delay specified.


12. checking latch_loops (0)
----------------------------
 There are 0 combinational latch loops in the design through latch input



------------------------------------------------------------------------------------------------
| Design Timing Summary
| ---------------------
------------------------------------------------------------------------------------------------

    WNS(ns)      TNS(ns)  TNS Failing Endpoints  TNS Total Endpoints      WHS(ns)      THS(ns)  THS Failing Endpoints  THS Total Endpoints     WPWS(ns)     TPWS(ns)  TPWS Failing Endpoints  TPWS Total Endpoints  
    -------      -------  ---------------------  -------------------      -------      -------  ---------------------  -------------------     --------     --------  ----------------------  --------------------  
      5.187        0.000                      0                   39        0.187        0.000                      0                   39        4.500        0.000                       0                    22  


All user specified timing constraints are met.


------------------------------------------------------------------------------------------------
| Clock Summary
| -------------
------------------------------------------------------------------------------------------------

Clock        Waveform(ns)       Period(ns)      Frequency(MHz)
-----        ------------       ----------      --------------
sys_clk_pin  {0.000 5.000}      10.000          100.000         


------------------------------------------------------------------------------------------------
| Intra Clock Table
| -----------------
------------------------------------------------------------------------------------------------

Clock             WNS(ns)      TNS(ns)  TNS Failing Endpoints  TNS Total Endpoints      WHS(ns)      THS(ns)  THS Failing Endpoints  THS Total Endpoints     WPWS(ns)     TPWS(ns)  TPWS Failing Endpoints  TPWS Total Endpoints  
-----             -------      -------  ---------------------  -------------------      -------      -------  ---------------------  -------------------     --------     --------  ----------------------  --------------------  
sys_clk_pin         5.187        0.000                      0                   39        0.187        0.000                      0                   39        4.500        0.000                       0                    22  


------------------------------------------------------------------------------------------------
| Inter Clock Table
| -----------------
------------------------------------------------------------------------------------------------

From Clock    To Clock          WNS(ns)      TNS(ns)  TNS Failing Endpoints  TNS Total Endpoints      WHS(ns)      THS(ns)  THS Failing Endpoints  THS Total Endpoints  
----------    --------          -------      -------  ---------------------  -------------------      -------      -------  ---------------------  -------------------  


------------------------------------------------------------------------------------------------
| Other Path Groups Table
| -----------------------
------------------------------------------------------------------------------------------------

Path Group    From Clock    To Clock          WNS(ns)      TNS(ns)  TNS Failing Endpoints  TNS Total Endpoints      WHS(ns)      THS(ns)  THS Failing Endpoints  THS Total Endpoints  
----------    ----------    --------          -------      -------  ---------------------  -------------------      -------      -------  ---------------------  -------------------  


------------------------------------------------------------------------------------------------
| User Ignored Path Table
| -----------------------
------------------------------------------------------------------------------------------------

Path Group    From Clock    To Clock    
----------    ----------    --------    


------------------------------------------------------------------------------------------------
| Unconstrained Path Table
| ------------------------
------------------------------------------------------------------------------------------------

Path Group    From Clock    To Clock    
----------    ----------    --------    
(none)                                    
(none)                      sys_clk_pin   


------------------------------------------------------------------------------------------------
| Timing Details
| --------------
------------------------------------------------------------------------------------------------


---------------------------------------------------------------------------------------------------
From Clock:  sys_clk_pin
  To Clock:  sys_clk_pin

Setup :            0  Failing Endpoints,  Worst Slack        5.187ns,  Total Violation        0.000ns
Hold  :            0  Failing Endpoints,  Worst Slack        0.187ns,  Total Violation        0.000ns
PW    :            0  Failing Endpoints,  Worst Slack        4.500ns,  Total Violation        0.000ns
---------------------------------------------------------------------------------------------------


Max Delay Paths
--------------------------------------------------------------------------------------
Slack (MET) :             5.187ns  (required time - arrival time)
  Source:                 butn/clock_enable_generator/counter_reg[15]/C
                            (rising edge-triggered cell FDRE clocked by sys_clk_pin  {rise@0.000ns fall@5.000ns period=10.000ns})
  Destination:            butn/Debouncing_FF2/Q_reg/D
                            (rising edge-triggered cell FDRE clocked by sys_clk_pin  {rise@0.000ns fall@5.000ns period=10.000ns})
  Path Group:             sys_clk_pin
  Path Type:              Setup (Max at Slow Process Corner)
  Requirement:            10.000ns  (sys_clk_pin rise@10.000ns - sys_clk_pin rise@0.000ns)
  Data Path Delay:        4.409ns  (logic 0.856ns (19.416%)  route 3.553ns (80.584%))
  Logic Levels:           3  (LUT3=1 LUT4=1 LUT6=1)
  Clock Path Skew:        -0.114ns (DCD - SCD + CPR)
    Destination Clock Delay (DCD):    4.785ns = ( 14.785 - 10.000 ) 
    Source Clock Delay      (SCD):    5.087ns
    Clock Pessimism Removal (CPR):    0.188ns
  Clock Uncertainty:      0.035ns  ((TSJ^2 + TIJ^2)^1/2 + DJ) / 2 + PE
    Total System Jitter     (TSJ):    0.071ns
    Total Input Jitter      (TIJ):    0.000ns
    Discrete Jitter          (DJ):    0.000ns
    Phase Error              (PE):    0.000ns

    Location             Delay type                Incr(ns)  Path(ns)    Netlist Resource(s)
  -------------------------------------------------------------------    -------------------
                         (clock sys_clk_pin rise edge)
                                                      0.000     0.000 r  
    W5                                                0.000     0.000 r  clk (IN)
                         net (fo=0)                   0.000     0.000    clk
    W5                   IBUF (Prop_ibuf_I_O)         1.458     1.458 r  clk_IBUF_inst/O
                         net (fo=1, routed)           1.967     3.425    clk_IBUF
    BUFGCTRL_X0Y1        BUFG (Prop_bufg_I_O)         0.096     3.521 r  clk_IBUF_BUFG_inst/O
                         net (fo=21, routed)          1.566     5.087    butn/clock_enable_generator/clk_IBUF_BUFG
    SLICE_X36Y47         FDRE                                         r  butn/clock_enable_generator/counter_reg[15]/C
  -------------------------------------------------------------------    -------------------
    SLICE_X36Y47         FDRE (Prop_fdre_C_Q)         0.456     5.543 r  butn/clock_enable_generator/counter_reg[15]/Q
                         net (fo=2, routed)           1.097     6.640    butn/clock_enable_generator/counter_reg[15]
    SLICE_X37Y47         LUT4 (Prop_lut4_I3_O)        0.124     6.764 r  butn/clock_enable_generator/Q_i_3/O
                         net (fo=2, routed)           0.783     7.547    butn/clock_enable_generator/Q_i_3_n_0
    SLICE_X37Y45         LUT6 (Prop_lut6_I2_O)        0.124     7.671 r  butn/clock_enable_generator/Q_i_1/O
                         net (fo=3, routed)           1.167     8.838    butn/Debouncing_FF1/clock_enable
    SLICE_X35Y46         LUT3 (Prop_lut3_I1_O)        0.152     8.990 r  butn/Debouncing_FF1/Q_i_1__0/O
                         net (fo=1, routed)           0.506     9.496    butn/Debouncing_FF2/Q_reg_0
    SLICE_X35Y46         FDRE                                         r  butn/Debouncing_FF2/Q_reg/D
  -------------------------------------------------------------------    -------------------

                         (clock sys_clk_pin rise edge)
                                                     10.000    10.000 r  
    W5                                                0.000    10.000 r  clk (IN)
                         net (fo=0)                   0.000    10.000    clk
    W5                   IBUF (Prop_ibuf_I_O)         1.388    11.388 r  clk_IBUF_inst/O
                         net (fo=1, routed)           1.862    13.250    clk_IBUF
    BUFGCTRL_X0Y1        BUFG (Prop_bufg_I_O)         0.091    13.341 r  clk_IBUF_BUFG_inst/O
                         net (fo=21, routed)          1.444    14.785    butn/Debouncing_FF2/clk_IBUF_BUFG
    SLICE_X35Y46         FDRE                                         r  butn/Debouncing_FF2/Q_reg/C
                         clock pessimism              0.188    14.973    
                         clock uncertainty           -0.035    14.938    
    SLICE_X35Y46         FDRE (Setup_fdre_C_D)       -0.255    14.683    butn/Debouncing_FF2/Q_reg
  -------------------------------------------------------------------
                         required time                         14.683    
                         arrival time                          -9.496    
  -------------------------------------------------------------------
                         slack                                  5.187    

Slack (MET) :             6.020ns  (required time - arrival time)
  Source:                 butn/clock_enable_generator/counter_reg[11]/C
                            (rising edge-triggered cell FDRE clocked by sys_clk_pin  {rise@0.000ns fall@5.000ns period=10.000ns})
  Destination:            butn/clock_enable_generator/counter_reg[16]/R
                            (rising edge-triggered cell FDRE clocked by sys_clk_pin  {rise@0.000ns fall@5.000ns period=10.000ns})
  Path Group:             sys_clk_pin
  Path Type:              Setup (Max at Slow Process Corner)
  Requirement:            10.000ns  (sys_clk_pin rise@10.000ns - sys_clk_pin rise@0.000ns)
  Data Path Delay:        3.491ns  (logic 0.704ns (20.164%)  route 2.787ns (79.836%))
  Logic Levels:           2  (LUT6=2)
  Clock Path Skew:        -0.024ns (DCD - SCD + CPR)
    Destination Clock Delay (DCD):    4.787ns = ( 14.787 - 10.000 ) 
    Source Clock Delay      (SCD):    5.086ns
    Clock Pessimism Removal (CPR):    0.275ns
  Clock Uncertainty:      0.035ns  ((TSJ^2 + TIJ^2)^1/2 + DJ) / 2 + PE
    Total System Jitter     (TSJ):    0.071ns
    Total Input Jitter      (TIJ):    0.000ns
    Discrete Jitter          (DJ):    0.000ns
    Phase Error              (PE):    0.000ns

    Location             Delay type                Incr(ns)  Path(ns)    Netlist Resource(s)
  -------------------------------------------------------------------    -------------------
                         (clock sys_clk_pin rise edge)
                                                      0.000     0.000 r  
    W5                                                0.000     0.000 r  clk (IN)
                         net (fo=0)                   0.000     0.000    clk
    W5                   IBUF (Prop_ibuf_I_O)         1.458     1.458 r  clk_IBUF_inst/O
                         net (fo=1, routed)           1.967     3.425    clk_IBUF
    BUFGCTRL_X0Y1        BUFG (Prop_bufg_I_O)         0.096     3.521 r  clk_IBUF_BUFG_inst/O
                         net (fo=21, routed)          1.565     5.086    butn/clock_enable_generator/clk_IBUF_BUFG
    SLICE_X36Y46         FDRE                                         r  butn/clock_enable_generator/counter_reg[11]/C
  -------------------------------------------------------------------    -------------------
    SLICE_X36Y46         FDRE (Prop_fdre_C_Q)         0.456     5.542 r  butn/clock_enable_generator/counter_reg[11]/Q
                         net (fo=3, routed)           1.108     6.650    butn/clock_enable_generator/counter_reg[11]
    SLICE_X37Y46         LUT6 (Prop_lut6_I2_O)        0.124     6.774 r  butn/clock_enable_generator/counter[0]_i_3/O
                         net (fo=1, routed)           0.796     7.571    butn/clock_enable_generator/counter[0]_i_3_n_0
    SLICE_X37Y45         LUT6 (Prop_lut6_I1_O)        0.124     7.695 r  butn/clock_enable_generator/counter[0]_i_1/O
                         net (fo=18, routed)          0.883     8.578    butn/clock_enable_generator/clear
    SLICE_X36Y48         FDRE                                         r  butn/clock_enable_generator/counter_reg[16]/R
  -------------------------------------------------------------------    -------------------

                         (clock sys_clk_pin rise edge)
                                                     10.000    10.000 r  
    W5                                                0.000    10.000 r  clk (IN)
                         net (fo=0)                   0.000    10.000    clk
    W5                   IBUF (Prop_ibuf_I_O)         1.388    11.388 r  clk_IBUF_inst/O
                         net (fo=1, routed)           1.862    13.250    clk_IBUF
    BUFGCTRL_X0Y1        BUFG (Prop_bufg_I_O)         0.091    13.341 r  clk_IBUF_BUFG_inst/O
                         net (fo=21, routed)          1.446    14.787    butn/clock_enable_generator/clk_IBUF_BUFG
    SLICE_X36Y48         FDRE                                         r  butn/clock_enable_generator/counter_reg[16]/C
                         clock pessimism              0.275    15.062    
                         clock uncertainty           -0.035    15.027    
    SLICE_X36Y48         FDRE (Setup_fdre_C_R)       -0.429    14.598    butn/clock_enable_generator/counter_reg[16]
  -------------------------------------------------------------------
                         required time                         14.598    
                         arrival time                          -8.578    
  -------------------------------------------------------------------
                         slack                                  6.020    

Slack (MET) :             6.020ns  (required time - arrival time)
  Source:                 butn/clock_enable_generator/counter_reg[11]/C
                            (rising edge-triggered cell FDRE clocked by sys_clk_pin  {rise@0.000ns fall@5.000ns period=10.000ns})
  Destination:            butn/clock_enable_generator/counter_reg[17]/R
                            (rising edge-triggered cell FDRE clocked by sys_clk_pin  {rise@0.000ns fall@5.000ns period=10.000ns})
  Path Group:             sys_clk_pin
  Path Type:              Setup (Max at Slow Process Corner)
  Requirement:            10.000ns  (sys_clk_pin rise@10.000ns - sys_clk_pin rise@0.000ns)
  Data Path Delay:        3.491ns  (logic 0.704ns (20.164%)  route 2.787ns (79.836%))
  Logic Levels:           2  (LUT6=2)
  Clock Path Skew:        -0.024ns (DCD - SCD + CPR)
    Destination Clock Delay (DCD):    4.787ns = ( 14.787 - 10.000 ) 
    Source Clock Delay      (SCD):    5.086ns
    Clock Pessimism Removal (CPR):    0.275ns
  Clock Uncertainty:      0.035ns  ((TSJ^2 + TIJ^2)^1/2 + DJ) / 2 + PE
    Total System Jitter     (TSJ):    0.071ns
    Total Input Jitter      (TIJ):    0.000ns
    Discrete Jitter          (DJ):    0.000ns
    Phase Error              (PE):    0.000ns

    Location             Delay type                Incr(ns)  Path(ns)    Netlist Resource(s)
  -------------------------------------------------------------------    -------------------
                         (clock sys_clk_pin rise edge)
                                                      0.000     0.000 r  
    W5                                                0.000     0.000 r  clk (IN)
                         net (fo=0)                   0.000     0.000    clk
    W5                   IBUF (Prop_ibuf_I_O)         1.458     1.458 r  clk_IBUF_inst/O
                         net (fo=1, routed)           1.967     3.425    clk_IBUF
    BUFGCTRL_X0Y1        BUFG (Prop_bufg_I_O)         0.096     3.521 r  clk_IBUF_BUFG_inst/O
                         net (fo=21, routed)          1.565     5.086    butn/clock_enable_generator/clk_IBUF_BUFG
    SLICE_X36Y46         FDRE                                         r  butn/clock_enable_generator/counter_reg[11]/C
  -------------------------------------------------------------------    -------------------
    SLICE_X36Y46         FDRE (Prop_fdre_C_Q)         0.456     5.542 r  butn/clock_enable_generator/counter_reg[11]/Q
                         net (fo=3, routed)           1.108     6.650    butn/clock_enable_generator/counter_reg[11]
    SLICE_X37Y46         LUT6 (Prop_lut6_I2_O)        0.124     6.774 r  butn/clock_enable_generator/counter[0]_i_3/O
                         net (fo=1, routed)           0.796     7.571    butn/clock_enable_generator/counter[0]_i_3_n_0
    SLICE_X37Y45         LUT6 (Prop_lut6_I1_O)        0.124     7.695 r  butn/clock_enable_generator/counter[0]_i_1/O
                         net (fo=18, routed)          0.883     8.578    butn/clock_enable_generator/clear
    SLICE_X36Y48         FDRE                                         r  butn/clock_enable_generator/counter_reg[17]/R
  -------------------------------------------------------------------    -------------------

                         (clock sys_clk_pin rise edge)
                                                     10.000    10.000 r  
    W5                                                0.000    10.000 r  clk (IN)
                         net (fo=0)                   0.000    10.000    clk
    W5                   IBUF (Prop_ibuf_I_O)         1.388    11.388 r  clk_IBUF_inst/O
                         net (fo=1, routed)           1.862    13.250    clk_IBUF
    BUFGCTRL_X0Y1        BUFG (Prop_bufg_I_O)         0.091    13.341 r  clk_IBUF_BUFG_inst/O
                         net (fo=21, routed)          1.446    14.787    butn/clock_enable_generator/clk_IBUF_BUFG
    SLICE_X36Y48         FDRE                                         r  butn/clock_enable_generator/counter_reg[17]/C
                         clock pessimism              0.275    15.062    
                         clock uncertainty           -0.035    15.027    
    SLICE_X36Y48         FDRE (Setup_fdre_C_R)       -0.429    14.598    butn/clock_enable_generator/counter_reg[17]
  -------------------------------------------------------------------
                         required time                         14.598    
                         arrival time                          -8.578    
  -------------------------------------------------------------------
                         slack                                  6.020    

Slack (MET) :             6.159ns  (required time - arrival time)
  Source:                 butn/clock_enable_generator/counter_reg[11]/C
                            (rising edge-triggered cell FDRE clocked by sys_clk_pin  {rise@0.000ns fall@5.000ns period=10.000ns})
  Destination:            butn/clock_enable_generator/counter_reg[12]/R
                            (rising edge-triggered cell FDRE clocked by sys_clk_pin  {rise@0.000ns fall@5.000ns period=10.000ns})
  Path Group:             sys_clk_pin
  Path Type:              Setup (Max at Slow Process Corner)
  Requirement:            10.000ns  (sys_clk_pin rise@10.000ns - sys_clk_pin rise@0.000ns)
  Data Path Delay:        3.353ns  (logic 0.704ns (20.996%)  route 2.649ns (79.004%))
  Logic Levels:           2  (LUT6=2)
  Clock Path Skew:        -0.024ns (DCD - SCD + CPR)
    Destination Clock Delay (DCD):    4.787ns = ( 14.787 - 10.000 ) 
    Source Clock Delay      (SCD):    5.086ns
    Clock Pessimism Removal (CPR):    0.275ns
  Clock Uncertainty:      0.035ns  ((TSJ^2 + TIJ^2)^1/2 + DJ) / 2 + PE
    Total System Jitter     (TSJ):    0.071ns
    Total Input Jitter      (TIJ):    0.000ns
    Discrete Jitter          (DJ):    0.000ns
    Phase Error              (PE):    0.000ns

    Location             Delay type                Incr(ns)  Path(ns)    Netlist Resource(s)
  -------------------------------------------------------------------    -------------------
                         (clock sys_clk_pin rise edge)
                                                      0.000     0.000 r  
    W5                                                0.000     0.000 r  clk (IN)
                         net (fo=0)                   0.000     0.000    clk
    W5                   IBUF (Prop_ibuf_I_O)         1.458     1.458 r  clk_IBUF_inst/O
                         net (fo=1, routed)           1.967     3.425    clk_IBUF
    BUFGCTRL_X0Y1        BUFG (Prop_bufg_I_O)         0.096     3.521 r  clk_IBUF_BUFG_inst/O
                         net (fo=21, routed)          1.565     5.086    butn/clock_enable_generator/clk_IBUF_BUFG
    SLICE_X36Y46         FDRE                                         r  butn/clock_enable_generator/counter_reg[11]/C
  -------------------------------------------------------------------    -------------------
    SLICE_X36Y46         FDRE (Prop_fdre_C_Q)         0.456     5.542 r  butn/clock_enable_generator/counter_reg[11]/Q
                         net (fo=3, routed)           1.108     6.650    butn/clock_enable_generator/counter_reg[11]
    SLICE_X37Y46         LUT6 (Prop_lut6_I2_O)        0.124     6.774 r  butn/clock_enable_generator/counter[0]_i_3/O
                         net (fo=1, routed)           0.796     7.571    butn/clock_enable_generator/counter[0]_i_3_n_0
    SLICE_X37Y45         LUT6 (Prop_lut6_I1_O)        0.124     7.695 r  butn/clock_enable_generator/counter[0]_i_1/O
                         net (fo=18, routed)          0.745     8.439    butn/clock_enable_generator/clear
    SLICE_X36Y47         FDRE                                         r  butn/clock_enable_generator/counter_reg[12]/R
  -------------------------------------------------------------------    -------------------

                         (clock sys_clk_pin rise edge)
                                                     10.000    10.000 r  
    W5                                                0.000    10.000 r  clk (IN)
                         net (fo=0)                   0.000    10.000    clk
    W5                   IBUF (Prop_ibuf_I_O)         1.388    11.388 r  clk_IBUF_inst/O
                         net (fo=1, routed)           1.862    13.250    clk_IBUF
    BUFGCTRL_X0Y1        BUFG (Prop_bufg_I_O)         0.091    13.341 r  clk_IBUF_BUFG_inst/O
                         net (fo=21, routed)          1.446    14.787    butn/clock_enable_generator/clk_IBUF_BUFG
    SLICE_X36Y47         FDRE                                         r  butn/clock_enable_generator/counter_reg[12]/C
                         clock pessimism              0.275    15.062    
                         clock uncertainty           -0.035    15.027    
    SLICE_X36Y47         FDRE (Setup_fdre_C_R)       -0.429    14.598    butn/clock_enable_generator/counter_reg[12]
  -------------------------------------------------------------------
                         required time                         14.598    
                         arrival time                          -8.439    
  -------------------------------------------------------------------
                         slack                                  6.159    

Slack (MET) :             6.159ns  (required time - arrival time)
  Source:                 butn/clock_enable_generator/counter_reg[11]/C
                            (rising edge-triggered cell FDRE clocked by sys_clk_pin  {rise@0.000ns fall@5.000ns period=10.000ns})
  Destination:            butn/clock_enable_generator/counter_reg[13]/R
                            (rising edge-triggered cell FDRE clocked by sys_clk_pin  {rise@0.000ns fall@5.000ns period=10.000ns})
  Path Group:             sys_clk_pin
  Path Type:              Setup (Max at Slow Process Corner)
  Requirement:            10.000ns  (sys_clk_pin rise@10.000ns - sys_clk_pin rise@0.000ns)
  Data Path Delay:        3.353ns  (logic 0.704ns (20.996%)  route 2.649ns (79.004%))
  Logic Levels:           2  (LUT6=2)
  Clock Path Skew:        -0.024ns (DCD - SCD + CPR)
    Destination Clock Delay (DCD):    4.787ns = ( 14.787 - 10.000 ) 
    Source Clock Delay      (SCD):    5.086ns
    Clock Pessimism Removal (CPR):    0.275ns
  Clock Uncertainty:      0.035ns  ((TSJ^2 + TIJ^2)^1/2 + DJ) / 2 + PE
    Total System Jitter     (TSJ):    0.071ns
    Total Input Jitter      (TIJ):    0.000ns
    Discrete Jitter          (DJ):    0.000ns
    Phase Error              (PE):    0.000ns

    Location             Delay type                Incr(ns)  Path(ns)    Netlist Resource(s)
  -------------------------------------------------------------------    -------------------
                         (clock sys_clk_pin rise edge)
                                                      0.000     0.000 r  
    W5                                                0.000     0.000 r  clk (IN)
                         net (fo=0)                   0.000     0.000    clk
    W5                   IBUF (Prop_ibuf_I_O)         1.458     1.458 r  clk_IBUF_inst/O
                         net (fo=1, routed)           1.967     3.425    clk_IBUF
    BUFGCTRL_X0Y1        BUFG (Prop_bufg_I_O)         0.096     3.521 r  clk_IBUF_BUFG_inst/O
                         net (fo=21, routed)          1.565     5.086    butn/clock_enable_generator/clk_IBUF_BUFG
    SLICE_X36Y46         FDRE                                         r  butn/clock_enable_generator/counter_reg[11]/C
  -------------------------------------------------------------------    -------------------
    SLICE_X36Y46         FDRE (Prop_fdre_C_Q)         0.456     5.542 r  butn/clock_enable_generator/counter_reg[11]/Q
                         net (fo=3, routed)           1.108     6.650    butn/clock_enable_generator/counter_reg[11]
    SLICE_X37Y46         LUT6 (Prop_lut6_I2_O)        0.124     6.774 r  butn/clock_enable_generator/counter[0]_i_3/O
                         net (fo=1, routed)           0.796     7.571    butn/clock_enable_generator/counter[0]_i_3_n_0
    SLICE_X37Y45         LUT6 (Prop_lut6_I1_O)        0.124     7.695 r  butn/clock_enable_generator/counter[0]_i_1/O
                         net (fo=18, routed)          0.745     8.439    butn/clock_enable_generator/clear
    SLICE_X36Y47         FDRE                                         r  butn/clock_enable_generator/counter_reg[13]/R
  -------------------------------------------------------------------    -------------------

                         (clock sys_clk_pin rise edge)
                                                     10.000    10.000 r  
    W5                                                0.000    10.000 r  clk (IN)
                         net (fo=0)                   0.000    10.000    clk
    W5                   IBUF (Prop_ibuf_I_O)         1.388    11.388 r  clk_IBUF_inst/O
                         net (fo=1, routed)           1.862    13.250    clk_IBUF
    BUFGCTRL_X0Y1        BUFG (Prop_bufg_I_O)         0.091    13.341 r  clk_IBUF_BUFG_inst/O
                         net (fo=21, routed)          1.446    14.787    butn/clock_enable_generator/clk_IBUF_BUFG
    SLICE_X36Y47         FDRE                                         r  butn/clock_enable_generator/counter_reg[13]/C
                         clock pessimism              0.275    15.062    
                         clock uncertainty           -0.035    15.027    
    SLICE_X36Y47         FDRE (Setup_fdre_C_R)       -0.429    14.598    butn/clock_enable_generator/counter_reg[13]
  -------------------------------------------------------------------
                         required time                         14.598    
                         arrival time                          -8.439    
  -------------------------------------------------------------------
                         slack                                  6.159    

Slack (MET) :             6.159ns  (required time - arrival time)
  Source:                 butn/clock_enable_generator/counter_reg[11]/C
                            (rising edge-triggered cell FDRE clocked by sys_clk_pin  {rise@0.000ns fall@5.000ns period=10.000ns})
  Destination:            butn/clock_enable_generator/counter_reg[14]/R
                            (rising edge-triggered cell FDRE clocked by sys_clk_pin  {rise@0.000ns fall@5.000ns period=10.000ns})
  Path Group:             sys_clk_pin
  Path Type:              Setup (Max at Slow Process Corner)
  Requirement:            10.000ns  (sys_clk_pin rise@10.000ns - sys_clk_pin rise@0.000ns)
  Data Path Delay:        3.353ns  (logic 0.704ns (20.996%)  route 2.649ns (79.004%))
  Logic Levels:           2  (LUT6=2)
  Clock Path Skew:        -0.024ns (DCD - SCD + CPR)
    Destination Clock Delay (DCD):    4.787ns = ( 14.787 - 10.000 ) 
    Source Clock Delay      (SCD):    5.086ns
    Clock Pessimism Removal (CPR):    0.275ns
  Clock Uncertainty:      0.035ns  ((TSJ^2 + TIJ^2)^1/2 + DJ) / 2 + PE
    Total System Jitter     (TSJ):    0.071ns
    Total Input Jitter      (TIJ):    0.000ns
    Discrete Jitter          (DJ):    0.000ns
    Phase Error              (PE):    0.000ns

    Location             Delay type                Incr(ns)  Path(ns)    Netlist Resource(s)
  -------------------------------------------------------------------    -------------------
                         (clock sys_clk_pin rise edge)
                                                      0.000     0.000 r  
    W5                                                0.000     0.000 r  clk (IN)
                         net (fo=0)                   0.000     0.000    clk
    W5                   IBUF (Prop_ibuf_I_O)         1.458     1.458 r  clk_IBUF_inst/O
                         net (fo=1, routed)           1.967     3.425    clk_IBUF
    BUFGCTRL_X0Y1        BUFG (Prop_bufg_I_O)         0.096     3.521 r  clk_IBUF_BUFG_inst/O
                         net (fo=21, routed)          1.565     5.086    butn/clock_enable_generator/clk_IBUF_BUFG
    SLICE_X36Y46         FDRE                                         r  butn/clock_enable_generator/counter_reg[11]/C
  -------------------------------------------------------------------    -------------------
    SLICE_X36Y46         FDRE (Prop_fdre_C_Q)         0.456     5.542 r  butn/clock_enable_generator/counter_reg[11]/Q
                         net (fo=3, routed)           1.108     6.650    butn/clock_enable_generator/counter_reg[11]
    SLICE_X37Y46         LUT6 (Prop_lut6_I2_O)        0.124     6.774 r  butn/clock_enable_generator/counter[0]_i_3/O
                         net (fo=1, routed)           0.796     7.571    butn/clock_enable_generator/counter[0]_i_3_n_0
    SLICE_X37Y45         LUT6 (Prop_lut6_I1_O)        0.124     7.695 r  butn/clock_enable_generator/counter[0]_i_1/O
                         net (fo=18, routed)          0.745     8.439    butn/clock_enable_generator/clear
    SLICE_X36Y47         FDRE                                         r  butn/clock_enable_generator/counter_reg[14]/R
  -------------------------------------------------------------------    -------------------

                         (clock sys_clk_pin rise edge)
                                                     10.000    10.000 r  
    W5                                                0.000    10.000 r  clk (IN)
                         net (fo=0)                   0.000    10.000    clk
    W5                   IBUF (Prop_ibuf_I_O)         1.388    11.388 r  clk_IBUF_inst/O
                         net (fo=1, routed)           1.862    13.250    clk_IBUF
    BUFGCTRL_X0Y1        BUFG (Prop_bufg_I_O)         0.091    13.341 r  clk_IBUF_BUFG_inst/O
                         net (fo=21, routed)          1.446    14.787    butn/clock_enable_generator/clk_IBUF_BUFG
    SLICE_X36Y47         FDRE                                         r  butn/clock_enable_generator/counter_reg[14]/C
                         clock pessimism              0.275    15.062    
                         clock uncertainty           -0.035    15.027    
    SLICE_X36Y47         FDRE (Setup_fdre_C_R)       -0.429    14.598    butn/clock_enable_generator/counter_reg[14]
  -------------------------------------------------------------------
                         required time                         14.598    
                         arrival time                          -8.439    
  -------------------------------------------------------------------
                         slack                                  6.159    

Slack (MET) :             6.159ns  (required time - arrival time)
  Source:                 butn/clock_enable_generator/counter_reg[11]/C
                            (rising edge-triggered cell FDRE clocked by sys_clk_pin  {rise@0.000ns fall@5.000ns period=10.000ns})
  Destination:            butn/clock_enable_generator/counter_reg[15]/R
                            (rising edge-triggered cell FDRE clocked by sys_clk_pin  {rise@0.000ns fall@5.000ns period=10.000ns})
  Path Group:             sys_clk_pin
  Path Type:              Setup (Max at Slow Process Corner)
  Requirement:            10.000ns  (sys_clk_pin rise@10.000ns - sys_clk_pin rise@0.000ns)
  Data Path Delay:        3.353ns  (logic 0.704ns (20.996%)  route 2.649ns (79.004%))
  Logic Levels:           2  (LUT6=2)
  Clock Path Skew:        -0.024ns (DCD - SCD + CPR)
    Destination Clock Delay (DCD):    4.787ns = ( 14.787 - 10.000 ) 
    Source Clock Delay      (SCD):    5.086ns
    Clock Pessimism Removal (CPR):    0.275ns
  Clock Uncertainty:      0.035ns  ((TSJ^2 + TIJ^2)^1/2 + DJ) / 2 + PE
    Total System Jitter     (TSJ):    0.071ns
    Total Input Jitter      (TIJ):    0.000ns
    Discrete Jitter          (DJ):    0.000ns
    Phase Error              (PE):    0.000ns

    Location             Delay type                Incr(ns)  Path(ns)    Netlist Resource(s)
  -------------------------------------------------------------------    -------------------
                         (clock sys_clk_pin rise edge)
                                                      0.000     0.000 r  
    W5                                                0.000     0.000 r  clk (IN)
                         net (fo=0)                   0.000     0.000    clk
    W5                   IBUF (Prop_ibuf_I_O)         1.458     1.458 r  clk_IBUF_inst/O
                         net (fo=1, routed)           1.967     3.425    clk_IBUF
    BUFGCTRL_X0Y1        BUFG (Prop_bufg_I_O)         0.096     3.521 r  clk_IBUF_BUFG_inst/O
                         net (fo=21, routed)          1.565     5.086    butn/clock_enable_generator/clk_IBUF_BUFG
    SLICE_X36Y46         FDRE                                         r  butn/clock_enable_generator/counter_reg[11]/C
  -------------------------------------------------------------------    -------------------
    SLICE_X36Y46         FDRE (Prop_fdre_C_Q)         0.456     5.542 r  butn/clock_enable_generator/counter_reg[11]/Q
                         net (fo=3, routed)           1.108     6.650    butn/clock_enable_generator/counter_reg[11]
    SLICE_X37Y46         LUT6 (Prop_lut6_I2_O)        0.124     6.774 r  butn/clock_enable_generator/counter[0]_i_3/O
                         net (fo=1, routed)           0.796     7.571    butn/clock_enable_generator/counter[0]_i_3_n_0
    SLICE_X37Y45         LUT6 (Prop_lut6_I1_O)        0.124     7.695 r  butn/clock_enable_generator/counter[0]_i_1/O
                         net (fo=18, routed)          0.745     8.439    butn/clock_enable_generator/clear
    SLICE_X36Y47         FDRE                                         r  butn/clock_enable_generator/counter_reg[15]/R
  -------------------------------------------------------------------    -------------------

                         (clock sys_clk_pin rise edge)
                                                     10.000    10.000 r  
    W5                                                0.000    10.000 r  clk (IN)
                         net (fo=0)                   0.000    10.000    clk
    W5                   IBUF (Prop_ibuf_I_O)         1.388    11.388 r  clk_IBUF_inst/O
                         net (fo=1, routed)           1.862    13.250    clk_IBUF
    BUFGCTRL_X0Y1        BUFG (Prop_bufg_I_O)         0.091    13.341 r  clk_IBUF_BUFG_inst/O
                         net (fo=21, routed)          1.446    14.787    butn/clock_enable_generator/clk_IBUF_BUFG
    SLICE_X36Y47         FDRE                                         r  butn/clock_enable_generator/counter_reg[15]/C
                         clock pessimism              0.275    15.062    
                         clock uncertainty           -0.035    15.027    
    SLICE_X36Y47         FDRE (Setup_fdre_C_R)       -0.429    14.598    butn/clock_enable_generator/counter_reg[15]
  -------------------------------------------------------------------
                         required time                         14.598    
                         arrival time                          -8.439    
  -------------------------------------------------------------------
                         slack                                  6.159    

Slack (MET) :             6.216ns  (required time - arrival time)
  Source:                 butn/clock_enable_generator/counter_reg[15]/C
                            (rising edge-triggered cell FDRE clocked by sys_clk_pin  {rise@0.000ns fall@5.000ns period=10.000ns})
  Destination:            butn/Debouncing_FF1/Q_reg/D
                            (rising edge-triggered cell FDRE clocked by sys_clk_pin  {rise@0.000ns fall@5.000ns period=10.000ns})
  Path Group:             sys_clk_pin
  Path Type:              Setup (Max at Slow Process Corner)
  Requirement:            10.000ns  (sys_clk_pin rise@10.000ns - sys_clk_pin rise@0.000ns)
  Data Path Delay:        3.663ns  (logic 0.828ns (22.602%)  route 2.835ns (77.398%))
  Logic Levels:           3  (LUT3=1 LUT4=1 LUT6=1)
  Clock Path Skew:        -0.114ns (DCD - SCD + CPR)
    Destination Clock Delay (DCD):    4.785ns = ( 14.785 - 10.000 ) 
    Source Clock Delay      (SCD):    5.087ns
    Clock Pessimism Removal (CPR):    0.188ns
  Clock Uncertainty:      0.035ns  ((TSJ^2 + TIJ^2)^1/2 + DJ) / 2 + PE
    Total System Jitter     (TSJ):    0.071ns
    Total Input Jitter      (TIJ):    0.000ns
    Discrete Jitter          (DJ):    0.000ns
    Phase Error              (PE):    0.000ns

    Location             Delay type                Incr(ns)  Path(ns)    Netlist Resource(s)
  -------------------------------------------------------------------    -------------------
                         (clock sys_clk_pin rise edge)
                                                      0.000     0.000 r  
    W5                                                0.000     0.000 r  clk (IN)
                         net (fo=0)                   0.000     0.000    clk
    W5                   IBUF (Prop_ibuf_I_O)         1.458     1.458 r  clk_IBUF_inst/O
                         net (fo=1, routed)           1.967     3.425    clk_IBUF
    BUFGCTRL_X0Y1        BUFG (Prop_bufg_I_O)         0.096     3.521 r  clk_IBUF_BUFG_inst/O
                         net (fo=21, routed)          1.566     5.087    butn/clock_enable_generator/clk_IBUF_BUFG
    SLICE_X36Y47         FDRE                                         r  butn/clock_enable_generator/counter_reg[15]/C
  -------------------------------------------------------------------    -------------------
    SLICE_X36Y47         FDRE (Prop_fdre_C_Q)         0.456     5.543 r  butn/clock_enable_generator/counter_reg[15]/Q
                         net (fo=2, routed)           1.097     6.640    butn/clock_enable_generator/counter_reg[15]
    SLICE_X37Y47         LUT4 (Prop_lut4_I3_O)        0.124     6.764 r  butn/clock_enable_generator/Q_i_3/O
                         net (fo=2, routed)           0.783     7.547    butn/clock_enable_generator/Q_i_3_n_0
    SLICE_X37Y45         LUT6 (Prop_lut6_I2_O)        0.124     7.671 r  butn/clock_enable_generator/Q_i_1/O
                         net (fo=3, routed)           0.955     8.627    butn/Debouncing_FF0/clock_enable
    SLICE_X35Y46         LUT3 (Prop_lut3_I1_O)        0.124     8.751 r  butn/Debouncing_FF0/Q_i_1__1/O
                         net (fo=1, routed)           0.000     8.751    butn/Debouncing_FF1/Q_reg_1
    SLICE_X35Y46         FDRE                                         r  butn/Debouncing_FF1/Q_reg/D
  -------------------------------------------------------------------    -------------------

                         (clock sys_clk_pin rise edge)
                                                     10.000    10.000 r  
    W5                                                0.000    10.000 r  clk (IN)
                         net (fo=0)                   0.000    10.000    clk
    W5                   IBUF (Prop_ibuf_I_O)         1.388    11.388 r  clk_IBUF_inst/O
                         net (fo=1, routed)           1.862    13.250    clk_IBUF
    BUFGCTRL_X0Y1        BUFG (Prop_bufg_I_O)         0.091    13.341 r  clk_IBUF_BUFG_inst/O
                         net (fo=21, routed)          1.444    14.785    butn/Debouncing_FF1/clk_IBUF_BUFG
    SLICE_X35Y46         FDRE                                         r  butn/Debouncing_FF1/Q_reg/C
                         clock pessimism              0.188    14.973    
                         clock uncertainty           -0.035    14.938    
    SLICE_X35Y46         FDRE (Setup_fdre_C_D)        0.029    14.967    butn/Debouncing_FF1/Q_reg
  -------------------------------------------------------------------
                         required time                         14.967    
                         arrival time                          -8.751    
  -------------------------------------------------------------------
                         slack                                  6.216    

Slack (MET) :             6.259ns  (required time - arrival time)
  Source:                 butn/clock_enable_generator/counter_reg[11]/C
                            (rising edge-triggered cell FDRE clocked by sys_clk_pin  {rise@0.000ns fall@5.000ns period=10.000ns})
  Destination:            butn/clock_enable_generator/counter_reg[4]/R
                            (rising edge-triggered cell FDRE clocked by sys_clk_pin  {rise@0.000ns fall@5.000ns period=10.000ns})
  Path Group:             sys_clk_pin
  Path Type:              Setup (Max at Slow Process Corner)
  Requirement:            10.000ns  (sys_clk_pin rise@10.000ns - sys_clk_pin rise@0.000ns)
  Data Path Delay:        3.251ns  (logic 0.704ns (21.653%)  route 2.547ns (78.347%))
  Logic Levels:           2  (LUT6=2)
  Clock Path Skew:        -0.025ns (DCD - SCD + CPR)
    Destination Clock Delay (DCD):    4.786ns = ( 14.786 - 10.000 ) 
    Source Clock Delay      (SCD):    5.086ns
    Clock Pessimism Removal (CPR):    0.275ns
  Clock Uncertainty:      0.035ns  ((TSJ^2 + TIJ^2)^1/2 + DJ) / 2 + PE
    Total System Jitter     (TSJ):    0.071ns
    Total Input Jitter      (TIJ):    0.000ns
    Discrete Jitter          (DJ):    0.000ns
    Phase Error              (PE):    0.000ns

    Location             Delay type                Incr(ns)  Path(ns)    Netlist Resource(s)
  -------------------------------------------------------------------    -------------------
                         (clock sys_clk_pin rise edge)
                                                      0.000     0.000 r  
    W5                                                0.000     0.000 r  clk (IN)
                         net (fo=0)                   0.000     0.000    clk
    W5                   IBUF (Prop_ibuf_I_O)         1.458     1.458 r  clk_IBUF_inst/O
                         net (fo=1, routed)           1.967     3.425    clk_IBUF
    BUFGCTRL_X0Y1        BUFG (Prop_bufg_I_O)         0.096     3.521 r  clk_IBUF_BUFG_inst/O
                         net (fo=21, routed)          1.565     5.086    butn/clock_enable_generator/clk_IBUF_BUFG
    SLICE_X36Y46         FDRE                                         r  butn/clock_enable_generator/counter_reg[11]/C
  -------------------------------------------------------------------    -------------------
    SLICE_X36Y46         FDRE (Prop_fdre_C_Q)         0.456     5.542 r  butn/clock_enable_generator/counter_reg[11]/Q
                         net (fo=3, routed)           1.108     6.650    butn/clock_enable_generator/counter_reg[11]
    SLICE_X37Y46         LUT6 (Prop_lut6_I2_O)        0.124     6.774 r  butn/clock_enable_generator/counter[0]_i_3/O
                         net (fo=1, routed)           0.796     7.571    butn/clock_enable_generator/counter[0]_i_3_n_0
    SLICE_X37Y45         LUT6 (Prop_lut6_I1_O)        0.124     7.695 r  butn/clock_enable_generator/counter[0]_i_1/O
                         net (fo=18, routed)          0.643     8.338    butn/clock_enable_generator/clear
    SLICE_X36Y45         FDRE                                         r  butn/clock_enable_generator/counter_reg[4]/R
  -------------------------------------------------------------------    -------------------

                         (clock sys_clk_pin rise edge)
                                                     10.000    10.000 r  
    W5                                                0.000    10.000 r  clk (IN)
                         net (fo=0)                   0.000    10.000    clk
    W5                   IBUF (Prop_ibuf_I_O)         1.388    11.388 r  clk_IBUF_inst/O
                         net (fo=1, routed)           1.862    13.250    clk_IBUF
    BUFGCTRL_X0Y1        BUFG (Prop_bufg_I_O)         0.091    13.341 r  clk_IBUF_BUFG_inst/O
                         net (fo=21, routed)          1.445    14.786    butn/clock_enable_generator/clk_IBUF_BUFG
    SLICE_X36Y45         FDRE                                         r  butn/clock_enable_generator/counter_reg[4]/C
                         clock pessimism              0.275    15.061    
                         clock uncertainty           -0.035    15.026    
    SLICE_X36Y45         FDRE (Setup_fdre_C_R)       -0.429    14.597    butn/clock_enable_generator/counter_reg[4]
  -------------------------------------------------------------------
                         required time                         14.597    
                         arrival time                          -8.338    
  -------------------------------------------------------------------
                         slack                                  6.259    

Slack (MET) :             6.259ns  (required time - arrival time)
  Source:                 butn/clock_enable_generator/counter_reg[11]/C
                            (rising edge-triggered cell FDRE clocked by sys_clk_pin  {rise@0.000ns fall@5.000ns period=10.000ns})
  Destination:            butn/clock_enable_generator/counter_reg[5]/R
                            (rising edge-triggered cell FDRE clocked by sys_clk_pin  {rise@0.000ns fall@5.000ns period=10.000ns})
  Path Group:             sys_clk_pin
  Path Type:              Setup (Max at Slow Process Corner)
  Requirement:            10.000ns  (sys_clk_pin rise@10.000ns - sys_clk_pin rise@0.000ns)
  Data Path Delay:        3.251ns  (logic 0.704ns (21.653%)  route 2.547ns (78.347%))
  Logic Levels:           2  (LUT6=2)
  Clock Path Skew:        -0.025ns (DCD - SCD + CPR)
    Destination Clock Delay (DCD):    4.786ns = ( 14.786 - 10.000 ) 
    Source Clock Delay      (SCD):    5.086ns
    Clock Pessimism Removal (CPR):    0.275ns
  Clock Uncertainty:      0.035ns  ((TSJ^2 + TIJ^2)^1/2 + DJ) / 2 + PE
    Total System Jitter     (TSJ):    0.071ns
    Total Input Jitter      (TIJ):    0.000ns
    Discrete Jitter          (DJ):    0.000ns
    Phase Error              (PE):    0.000ns

    Location             Delay type                Incr(ns)  Path(ns)    Netlist Resource(s)
  -------------------------------------------------------------------    -------------------
                         (clock sys_clk_pin rise edge)
                                                      0.000     0.000 r  
    W5                                                0.000     0.000 r  clk (IN)
                         net (fo=0)                   0.000     0.000    clk
    W5                   IBUF (Prop_ibuf_I_O)         1.458     1.458 r  clk_IBUF_inst/O
                         net (fo=1, routed)           1.967     3.425    clk_IBUF
    BUFGCTRL_X0Y1        BUFG (Prop_bufg_I_O)         0.096     3.521 r  clk_IBUF_BUFG_inst/O
                         net (fo=21, routed)          1.565     5.086    butn/clock_enable_generator/clk_IBUF_BUFG
    SLICE_X36Y46         FDRE                                         r  butn/clock_enable_generator/counter_reg[11]/C
  -------------------------------------------------------------------    -------------------
    SLICE_X36Y46         FDRE (Prop_fdre_C_Q)         0.456     5.542 r  butn/clock_enable_generator/counter_reg[11]/Q
                         net (fo=3, routed)           1.108     6.650    butn/clock_enable_generator/counter_reg[11]
    SLICE_X37Y46         LUT6 (Prop_lut6_I2_O)        0.124     6.774 r  butn/clock_enable_generator/counter[0]_i_3/O
                         net (fo=1, routed)           0.796     7.571    butn/clock_enable_generator/counter[0]_i_3_n_0
    SLICE_X37Y45         LUT6 (Prop_lut6_I1_O)        0.124     7.695 r  butn/clock_enable_generator/counter[0]_i_1/O
                         net (fo=18, routed)          0.643     8.338    butn/clock_enable_generator/clear
    SLICE_X36Y45         FDRE                                         r  butn/clock_enable_generator/counter_reg[5]/R
  -------------------------------------------------------------------    -------------------

                         (clock sys_clk_pin rise edge)
                                                     10.000    10.000 r  
    W5                                                0.000    10.000 r  clk (IN)
                         net (fo=0)                   0.000    10.000    clk
    W5                   IBUF (Prop_ibuf_I_O)         1.388    11.388 r  clk_IBUF_inst/O
                         net (fo=1, routed)           1.862    13.250    clk_IBUF
    BUFGCTRL_X0Y1        BUFG (Prop_bufg_I_O)         0.091    13.341 r  clk_IBUF_BUFG_inst/O
                         net (fo=21, routed)          1.445    14.786    butn/clock_enable_generator/clk_IBUF_BUFG
    SLICE_X36Y45         FDRE                                         r  butn/clock_enable_generator/counter_reg[5]/C
                         clock pessimism              0.275    15.061    
                         clock uncertainty           -0.035    15.026    
    SLICE_X36Y45         FDRE (Setup_fdre_C_R)       -0.429    14.597    butn/clock_enable_generator/counter_reg[5]
  -------------------------------------------------------------------
                         required time                         14.597    
                         arrival time                          -8.338    
  -------------------------------------------------------------------
                         slack                                  6.259    





Min Delay Paths
--------------------------------------------------------------------------------------
Slack (MET) :             0.187ns  (arrival time - required time)
  Source:                 butn/Debouncing_FF0/Q_reg/C
                            (rising edge-triggered cell FDRE clocked by sys_clk_pin  {rise@0.000ns fall@5.000ns period=10.000ns})
  Destination:            butn/Debouncing_FF1/Q_reg/D
                            (rising edge-triggered cell FDRE clocked by sys_clk_pin  {rise@0.000ns fall@5.000ns period=10.000ns})
  Path Group:             sys_clk_pin
  Path Type:              Hold (Min at Fast Process Corner)
  Requirement:            0.000ns  (sys_clk_pin rise@0.000ns - sys_clk_pin rise@0.000ns)
  Data Path Delay:        0.291ns  (logic 0.209ns (71.796%)  route 0.082ns (28.204%))
  Logic Levels:           1  (LUT3=1)
  Clock Path Skew:        0.013ns (DCD - SCD - CPR)
    Destination Clock Delay (DCD):    1.958ns
    Source Clock Delay      (SCD):    1.445ns
    Clock Pessimism Removal (CPR):    0.500ns

    Location             Delay type                Incr(ns)  Path(ns)    Netlist Resource(s)
  -------------------------------------------------------------------    -------------------
                         (clock sys_clk_pin rise edge)
                                                      0.000     0.000 r  
    W5                                                0.000     0.000 r  clk (IN)
                         net (fo=0)                   0.000     0.000    clk
    W5                   IBUF (Prop_ibuf_I_O)         0.226     0.226 r  clk_IBUF_inst/O
                         net (fo=1, routed)           0.631     0.858    clk_IBUF
    BUFGCTRL_X0Y1        BUFG (Prop_bufg_I_O)         0.026     0.884 r  clk_IBUF_BUFG_inst/O
                         net (fo=21, routed)          0.562     1.445    butn/Debouncing_FF0/clk_IBUF_BUFG
    SLICE_X34Y46         FDRE                                         r  butn/Debouncing_FF0/Q_reg/C
  -------------------------------------------------------------------    -------------------
    SLICE_X34Y46         FDRE (Prop_fdre_C_Q)         0.164     1.609 r  butn/Debouncing_FF0/Q_reg/Q
                         net (fo=1, routed)           0.082     1.691    butn/Debouncing_FF0/D
    SLICE_X35Y46         LUT3 (Prop_lut3_I0_O)        0.045     1.736 r  butn/Debouncing_FF0/Q_i_1__1/O
                         net (fo=1, routed)           0.000     1.736    butn/Debouncing_FF1/Q_reg_1
    SLICE_X35Y46         FDRE                                         r  butn/Debouncing_FF1/Q_reg/D
  -------------------------------------------------------------------    -------------------

                         (clock sys_clk_pin rise edge)
                                                      0.000     0.000 r  
    W5                                                0.000     0.000 r  clk (IN)
                         net (fo=0)                   0.000     0.000    clk
    W5                   IBUF (Prop_ibuf_I_O)         0.414     0.414 r  clk_IBUF_inst/O
                         net (fo=1, routed)           0.685     1.099    clk_IBUF
    BUFGCTRL_X0Y1        BUFG (Prop_bufg_I_O)         0.029     1.128 r  clk_IBUF_BUFG_inst/O
                         net (fo=21, routed)          0.831     1.958    butn/Debouncing_FF1/clk_IBUF_BUFG
    SLICE_X35Y46         FDRE                                         r  butn/Debouncing_FF1/Q_reg/C
                         clock pessimism             -0.500     1.458    
    SLICE_X35Y46         FDRE (Hold_fdre_C_D)         0.091     1.549    butn/Debouncing_FF1/Q_reg
  -------------------------------------------------------------------
                         required time                         -1.549    
                         arrival time                           1.736    
  -------------------------------------------------------------------
                         slack                                  0.187    

Slack (MET) :             0.280ns  (arrival time - required time)
  Source:                 butn/clock_enable_generator/counter_reg[2]/C
                            (rising edge-triggered cell FDRE clocked by sys_clk_pin  {rise@0.000ns fall@5.000ns period=10.000ns})
  Destination:            butn/clock_enable_generator/counter_reg[2]/D
                            (rising edge-triggered cell FDRE clocked by sys_clk_pin  {rise@0.000ns fall@5.000ns period=10.000ns})
  Path Group:             sys_clk_pin
  Path Type:              Hold (Min at Fast Process Corner)
  Requirement:            0.000ns  (sys_clk_pin rise@0.000ns - sys_clk_pin rise@0.000ns)
  Data Path Delay:        0.385ns  (logic 0.252ns (65.529%)  route 0.133ns (34.471%))
  Logic Levels:           1  (CARRY4=1)
  Clock Path Skew:        0.000ns (DCD - SCD - CPR)
    Destination Clock Delay (DCD):    1.959ns
    Source Clock Delay      (SCD):    1.446ns
    Clock Pessimism Removal (CPR):    0.513ns

    Location             Delay type                Incr(ns)  Path(ns)    Netlist Resource(s)
  -------------------------------------------------------------------    -------------------
                         (clock sys_clk_pin rise edge)
                                                      0.000     0.000 r  
    W5                                                0.000     0.000 r  clk (IN)
                         net (fo=0)                   0.000     0.000    clk
    W5                   IBUF (Prop_ibuf_I_O)         0.226     0.226 r  clk_IBUF_inst/O
                         net (fo=1, routed)           0.631     0.858    clk_IBUF
    BUFGCTRL_X0Y1        BUFG (Prop_bufg_I_O)         0.026     0.884 r  clk_IBUF_BUFG_inst/O
                         net (fo=21, routed)          0.563     1.446    butn/clock_enable_generator/clk_IBUF_BUFG
    SLICE_X36Y44         FDRE                                         r  butn/clock_enable_generator/counter_reg[2]/C
  -------------------------------------------------------------------    -------------------
    SLICE_X36Y44         FDRE (Prop_fdre_C_Q)         0.141     1.587 r  butn/clock_enable_generator/counter_reg[2]/Q
                         net (fo=2, routed)           0.133     1.720    butn/clock_enable_generator/counter_reg[2]
    SLICE_X36Y44         CARRY4 (Prop_carry4_S[2]_O[2])
                                                      0.111     1.831 r  butn/clock_enable_generator/counter_reg[0]_i_2/O[2]
                         net (fo=1, routed)           0.000     1.831    butn/clock_enable_generator/counter_reg[0]_i_2_n_5
    SLICE_X36Y44         FDRE                                         r  butn/clock_enable_generator/counter_reg[2]/D
  -------------------------------------------------------------------    -------------------

                         (clock sys_clk_pin rise edge)
                                                      0.000     0.000 r  
    W5                                                0.000     0.000 r  clk (IN)
                         net (fo=0)                   0.000     0.000    clk
    W5                   IBUF (Prop_ibuf_I_O)         0.414     0.414 r  clk_IBUF_inst/O
                         net (fo=1, routed)           0.685     1.099    clk_IBUF
    BUFGCTRL_X0Y1        BUFG (Prop_bufg_I_O)         0.029     1.128 r  clk_IBUF_BUFG_inst/O
                         net (fo=21, routed)          0.832     1.959    butn/clock_enable_generator/clk_IBUF_BUFG
    SLICE_X36Y44         FDRE                                         r  butn/clock_enable_generator/counter_reg[2]/C
                         clock pessimism             -0.513     1.446    
    SLICE_X36Y44         FDRE (Hold_fdre_C_D)         0.105     1.551    butn/clock_enable_generator/counter_reg[2]
  -------------------------------------------------------------------
                         required time                         -1.551    
                         arrival time                           1.831    
  -------------------------------------------------------------------
                         slack                                  0.280    

Slack (MET) :             0.280ns  (arrival time - required time)
  Source:                 butn/clock_enable_generator/counter_reg[6]/C
                            (rising edge-triggered cell FDRE clocked by sys_clk_pin  {rise@0.000ns fall@5.000ns period=10.000ns})
  Destination:            butn/clock_enable_generator/counter_reg[6]/D
                            (rising edge-triggered cell FDRE clocked by sys_clk_pin  {rise@0.000ns fall@5.000ns period=10.000ns})
  Path Group:             sys_clk_pin
  Path Type:              Hold (Min at Fast Process Corner)
  Requirement:            0.000ns  (sys_clk_pin rise@0.000ns - sys_clk_pin rise@0.000ns)
  Data Path Delay:        0.385ns  (logic 0.252ns (65.529%)  route 0.133ns (34.471%))
  Logic Levels:           1  (CARRY4=1)
  Clock Path Skew:        0.000ns (DCD - SCD - CPR)
    Destination Clock Delay (DCD):    1.959ns
    Source Clock Delay      (SCD):    1.446ns
    Clock Pessimism Removal (CPR):    0.513ns

    Location             Delay type                Incr(ns)  Path(ns)    Netlist Resource(s)
  -------------------------------------------------------------------    -------------------
                         (clock sys_clk_pin rise edge)
                                                      0.000     0.000 r  
    W5                                                0.000     0.000 r  clk (IN)
                         net (fo=0)                   0.000     0.000    clk
    W5                   IBUF (Prop_ibuf_I_O)         0.226     0.226 r  clk_IBUF_inst/O
                         net (fo=1, routed)           0.631     0.858    clk_IBUF
    BUFGCTRL_X0Y1        BUFG (Prop_bufg_I_O)         0.026     0.884 r  clk_IBUF_BUFG_inst/O
                         net (fo=21, routed)          0.563     1.446    butn/clock_enable_generator/clk_IBUF_BUFG
    SLICE_X36Y45         FDRE                                         r  butn/clock_enable_generator/counter_reg[6]/C
  -------------------------------------------------------------------    -------------------
    SLICE_X36Y45         FDRE (Prop_fdre_C_Q)         0.141     1.587 r  butn/clock_enable_generator/counter_reg[6]/Q
                         net (fo=2, routed)           0.133     1.720    butn/clock_enable_generator/counter_reg[6]
    SLICE_X36Y45         CARRY4 (Prop_carry4_S[2]_O[2])
                                                      0.111     1.831 r  butn/clock_enable_generator/counter_reg[4]_i_1/O[2]
                         net (fo=1, routed)           0.000     1.831    butn/clock_enable_generator/counter_reg[4]_i_1_n_5
    SLICE_X36Y45         FDRE                                         r  butn/clock_enable_generator/counter_reg[6]/D
  -------------------------------------------------------------------    -------------------

                         (clock sys_clk_pin rise edge)
                                                      0.000     0.000 r  
    W5                                                0.000     0.000 r  clk (IN)
                         net (fo=0)                   0.000     0.000    clk
    W5                   IBUF (Prop_ibuf_I_O)         0.414     0.414 r  clk_IBUF_inst/O
                         net (fo=1, routed)           0.685     1.099    clk_IBUF
    BUFGCTRL_X0Y1        BUFG (Prop_bufg_I_O)         0.029     1.128 r  clk_IBUF_BUFG_inst/O
                         net (fo=21, routed)          0.832     1.959    butn/clock_enable_generator/clk_IBUF_BUFG
    SLICE_X36Y45         FDRE                                         r  butn/clock_enable_generator/counter_reg[6]/C
                         clock pessimism             -0.513     1.446    
    SLICE_X36Y45         FDRE (Hold_fdre_C_D)         0.105     1.551    butn/clock_enable_generator/counter_reg[6]
  -------------------------------------------------------------------
                         required time                         -1.551    
                         arrival time                           1.831    
  -------------------------------------------------------------------
                         slack                                  0.280    

Slack (MET) :             0.280ns  (arrival time - required time)
  Source:                 butn/clock_enable_generator/counter_reg[14]/C
                            (rising edge-triggered cell FDRE clocked by sys_clk_pin  {rise@0.000ns fall@5.000ns period=10.000ns})
  Destination:            butn/clock_enable_generator/counter_reg[14]/D
                            (rising edge-triggered cell FDRE clocked by sys_clk_pin  {rise@0.000ns fall@5.000ns period=10.000ns})
  Path Group:             sys_clk_pin
  Path Type:              Hold (Min at Fast Process Corner)
  Requirement:            0.000ns  (sys_clk_pin rise@0.000ns - sys_clk_pin rise@0.000ns)
  Data Path Delay:        0.385ns  (logic 0.252ns (65.465%)  route 0.133ns (34.535%))
  Logic Levels:           1  (CARRY4=1)
  Clock Path Skew:        0.000ns (DCD - SCD - CPR)
    Destination Clock Delay (DCD):    1.960ns
    Source Clock Delay      (SCD):    1.447ns
    Clock Pessimism Removal (CPR):    0.513ns

    Location             Delay type                Incr(ns)  Path(ns)    Netlist Resource(s)
  -------------------------------------------------------------------    -------------------
                         (clock sys_clk_pin rise edge)
                                                      0.000     0.000 r  
    W5                                                0.000     0.000 r  clk (IN)
                         net (fo=0)                   0.000     0.000    clk
    W5                   IBUF (Prop_ibuf_I_O)         0.226     0.226 r  clk_IBUF_inst/O
                         net (fo=1, routed)           0.631     0.858    clk_IBUF
    BUFGCTRL_X0Y1        BUFG (Prop_bufg_I_O)         0.026     0.884 r  clk_IBUF_BUFG_inst/O
                         net (fo=21, routed)          0.564     1.447    butn/clock_enable_generator/clk_IBUF_BUFG
    SLICE_X36Y47         FDRE                                         r  butn/clock_enable_generator/counter_reg[14]/C
  -------------------------------------------------------------------    -------------------
    SLICE_X36Y47         FDRE (Prop_fdre_C_Q)         0.141     1.588 r  butn/clock_enable_generator/counter_reg[14]/Q
                         net (fo=2, routed)           0.133     1.721    butn/clock_enable_generator/counter_reg[14]
    SLICE_X36Y47         CARRY4 (Prop_carry4_S[2]_O[2])
                                                      0.111     1.832 r  butn/clock_enable_generator/counter_reg[12]_i_1/O[2]
                         net (fo=1, routed)           0.000     1.832    butn/clock_enable_generator/counter_reg[12]_i_1_n_5
    SLICE_X36Y47         FDRE                                         r  butn/clock_enable_generator/counter_reg[14]/D
  -------------------------------------------------------------------    -------------------

                         (clock sys_clk_pin rise edge)
                                                      0.000     0.000 r  
    W5                                                0.000     0.000 r  clk (IN)
                         net (fo=0)                   0.000     0.000    clk
    W5                   IBUF (Prop_ibuf_I_O)         0.414     0.414 r  clk_IBUF_inst/O
                         net (fo=1, routed)           0.685     1.099    clk_IBUF
    BUFGCTRL_X0Y1        BUFG (Prop_bufg_I_O)         0.029     1.128 r  clk_IBUF_BUFG_inst/O
                         net (fo=21, routed)          0.833     1.960    butn/clock_enable_generator/clk_IBUF_BUFG
    SLICE_X36Y47         FDRE                                         r  butn/clock_enable_generator/counter_reg[14]/C
                         clock pessimism             -0.513     1.447    
    SLICE_X36Y47         FDRE (Hold_fdre_C_D)         0.105     1.552    butn/clock_enable_generator/counter_reg[14]
  -------------------------------------------------------------------
                         required time                         -1.552    
                         arrival time                           1.832    
  -------------------------------------------------------------------
                         slack                                  0.280    

Slack (MET) :             0.291ns  (arrival time - required time)
  Source:                 butn/clock_enable_generator/counter_reg[10]/C
                            (rising edge-triggered cell FDRE clocked by sys_clk_pin  {rise@0.000ns fall@5.000ns period=10.000ns})
  Destination:            butn/clock_enable_generator/counter_reg[10]/D
                            (rising edge-triggered cell FDRE clocked by sys_clk_pin  {rise@0.000ns fall@5.000ns period=10.000ns})
  Path Group:             sys_clk_pin
  Path Type:              Hold (Min at Fast Process Corner)
  Requirement:            0.000ns  (sys_clk_pin rise@0.000ns - sys_clk_pin rise@0.000ns)
  Data Path Delay:        0.396ns  (logic 0.252ns (63.690%)  route 0.144ns (36.310%))
  Logic Levels:           1  (CARRY4=1)
  Clock Path Skew:        0.000ns (DCD - SCD - CPR)
    Destination Clock Delay (DCD):    1.959ns
    Source Clock Delay      (SCD):    1.446ns
    Clock Pessimism Removal (CPR):    0.513ns

    Location             Delay type                Incr(ns)  Path(ns)    Netlist Resource(s)
  -------------------------------------------------------------------    -------------------
                         (clock sys_clk_pin rise edge)
                                                      0.000     0.000 r  
    W5                                                0.000     0.000 r  clk (IN)
                         net (fo=0)                   0.000     0.000    clk
    W5                   IBUF (Prop_ibuf_I_O)         0.226     0.226 r  clk_IBUF_inst/O
                         net (fo=1, routed)           0.631     0.858    clk_IBUF
    BUFGCTRL_X0Y1        BUFG (Prop_bufg_I_O)         0.026     0.884 r  clk_IBUF_BUFG_inst/O
                         net (fo=21, routed)          0.563     1.446    butn/clock_enable_generator/clk_IBUF_BUFG
    SLICE_X36Y46         FDRE                                         r  butn/clock_enable_generator/counter_reg[10]/C
  -------------------------------------------------------------------    -------------------
    SLICE_X36Y46         FDRE (Prop_fdre_C_Q)         0.141     1.587 r  butn/clock_enable_generator/counter_reg[10]/Q
                         net (fo=3, routed)           0.144     1.731    butn/clock_enable_generator/counter_reg[10]
    SLICE_X36Y46         CARRY4 (Prop_carry4_S[2]_O[2])
                                                      0.111     1.842 r  butn/clock_enable_generator/counter_reg[8]_i_1/O[2]
                         net (fo=1, routed)           0.000     1.842    butn/clock_enable_generator/counter_reg[8]_i_1_n_5
    SLICE_X36Y46         FDRE                                         r  butn/clock_enable_generator/counter_reg[10]/D
  -------------------------------------------------------------------    -------------------

                         (clock sys_clk_pin rise edge)
                                                      0.000     0.000 r  
    W5                                                0.000     0.000 r  clk (IN)
                         net (fo=0)                   0.000     0.000    clk
    W5                   IBUF (Prop_ibuf_I_O)         0.414     0.414 r  clk_IBUF_inst/O
                         net (fo=1, routed)           0.685     1.099    clk_IBUF
    BUFGCTRL_X0Y1        BUFG (Prop_bufg_I_O)         0.029     1.128 r  clk_IBUF_BUFG_inst/O
                         net (fo=21, routed)          0.832     1.959    butn/clock_enable_generator/clk_IBUF_BUFG
    SLICE_X36Y46         FDRE                                         r  butn/clock_enable_generator/counter_reg[10]/C
                         clock pessimism             -0.513     1.446    
    SLICE_X36Y46         FDRE (Hold_fdre_C_D)         0.105     1.551    butn/clock_enable_generator/counter_reg[10]
  -------------------------------------------------------------------
                         required time                         -1.551    
                         arrival time                           1.842    
  -------------------------------------------------------------------
                         slack                                  0.291    

Slack (MET) :             0.313ns  (arrival time - required time)
  Source:                 butn/clock_enable_generator/counter_reg[2]/C
                            (rising edge-triggered cell FDRE clocked by sys_clk_pin  {rise@0.000ns fall@5.000ns period=10.000ns})
  Destination:            butn/clock_enable_generator/counter_reg[3]/D
                            (rising edge-triggered cell FDRE clocked by sys_clk_pin  {rise@0.000ns fall@5.000ns period=10.000ns})
  Path Group:             sys_clk_pin
  Path Type:              Hold (Min at Fast Process Corner)
  Requirement:            0.000ns  (sys_clk_pin rise@0.000ns - sys_clk_pin rise@0.000ns)
  Data Path Delay:        0.418ns  (logic 0.285ns (68.253%)  route 0.133ns (31.747%))
  Logic Levels:           1  (CARRY4=1)
  Clock Path Skew:        0.000ns (DCD - SCD - CPR)
    Destination Clock Delay (DCD):    1.959ns
    Source Clock Delay      (SCD):    1.446ns
    Clock Pessimism Removal (CPR):    0.513ns

    Location             Delay type                Incr(ns)  Path(ns)    Netlist Resource(s)
  -------------------------------------------------------------------    -------------------
                         (clock sys_clk_pin rise edge)
                                                      0.000     0.000 r  
    W5                                                0.000     0.000 r  clk (IN)
                         net (fo=0)                   0.000     0.000    clk
    W5                   IBUF (Prop_ibuf_I_O)         0.226     0.226 r  clk_IBUF_inst/O
                         net (fo=1, routed)           0.631     0.858    clk_IBUF
    BUFGCTRL_X0Y1        BUFG (Prop_bufg_I_O)         0.026     0.884 r  clk_IBUF_BUFG_inst/O
                         net (fo=21, routed)          0.563     1.446    butn/clock_enable_generator/clk_IBUF_BUFG
    SLICE_X36Y44         FDRE                                         r  butn/clock_enable_generator/counter_reg[2]/C
  -------------------------------------------------------------------    -------------------
    SLICE_X36Y44         FDRE (Prop_fdre_C_Q)         0.141     1.587 r  butn/clock_enable_generator/counter_reg[2]/Q
                         net (fo=2, routed)           0.133     1.720    butn/clock_enable_generator/counter_reg[2]
    SLICE_X36Y44         CARRY4 (Prop_carry4_S[2]_O[3])
                                                      0.144     1.864 r  butn/clock_enable_generator/counter_reg[0]_i_2/O[3]
                         net (fo=1, routed)           0.000     1.864    butn/clock_enable_generator/counter_reg[0]_i_2_n_4
    SLICE_X36Y44         FDRE                                         r  butn/clock_enable_generator/counter_reg[3]/D
  -------------------------------------------------------------------    -------------------

                         (clock sys_clk_pin rise edge)
                                                      0.000     0.000 r  
    W5                                                0.000     0.000 r  clk (IN)
                         net (fo=0)                   0.000     0.000    clk
    W5                   IBUF (Prop_ibuf_I_O)         0.414     0.414 r  clk_IBUF_inst/O
                         net (fo=1, routed)           0.685     1.099    clk_IBUF
    BUFGCTRL_X0Y1        BUFG (Prop_bufg_I_O)         0.029     1.128 r  clk_IBUF_BUFG_inst/O
                         net (fo=21, routed)          0.832     1.959    butn/clock_enable_generator/clk_IBUF_BUFG
    SLICE_X36Y44         FDRE                                         r  butn/clock_enable_generator/counter_reg[3]/C
                         clock pessimism             -0.513     1.446    
    SLICE_X36Y44         FDRE (Hold_fdre_C_D)         0.105     1.551    butn/clock_enable_generator/counter_reg[3]
  -------------------------------------------------------------------
                         required time                         -1.551    
                         arrival time                           1.864    
  -------------------------------------------------------------------
                         slack                                  0.313    

Slack (MET) :             0.313ns  (arrival time - required time)
  Source:                 butn/clock_enable_generator/counter_reg[6]/C
                            (rising edge-triggered cell FDRE clocked by sys_clk_pin  {rise@0.000ns fall@5.000ns period=10.000ns})
  Destination:            butn/clock_enable_generator/counter_reg[7]/D
                            (rising edge-triggered cell FDRE clocked by sys_clk_pin  {rise@0.000ns fall@5.000ns period=10.000ns})
  Path Group:             sys_clk_pin
  Path Type:              Hold (Min at Fast Process Corner)
  Requirement:            0.000ns  (sys_clk_pin rise@0.000ns - sys_clk_pin rise@0.000ns)
  Data Path Delay:        0.418ns  (logic 0.285ns (68.253%)  route 0.133ns (31.747%))
  Logic Levels:           1  (CARRY4=1)
  Clock Path Skew:        0.000ns (DCD - SCD - CPR)
    Destination Clock Delay (DCD):    1.959ns
    Source Clock Delay      (SCD):    1.446ns
    Clock Pessimism Removal (CPR):    0.513ns

    Location             Delay type                Incr(ns)  Path(ns)    Netlist Resource(s)
  -------------------------------------------------------------------    -------------------
                         (clock sys_clk_pin rise edge)
                                                      0.000     0.000 r  
    W5                                                0.000     0.000 r  clk (IN)
                         net (fo=0)                   0.000     0.000    clk
    W5                   IBUF (Prop_ibuf_I_O)         0.226     0.226 r  clk_IBUF_inst/O
                         net (fo=1, routed)           0.631     0.858    clk_IBUF
    BUFGCTRL_X0Y1        BUFG (Prop_bufg_I_O)         0.026     0.884 r  clk_IBUF_BUFG_inst/O
                         net (fo=21, routed)          0.563     1.446    butn/clock_enable_generator/clk_IBUF_BUFG
    SLICE_X36Y45         FDRE                                         r  butn/clock_enable_generator/counter_reg[6]/C
  -------------------------------------------------------------------    -------------------
    SLICE_X36Y45         FDRE (Prop_fdre_C_Q)         0.141     1.587 r  butn/clock_enable_generator/counter_reg[6]/Q
                         net (fo=2, routed)           0.133     1.720    butn/clock_enable_generator/counter_reg[6]
    SLICE_X36Y45         CARRY4 (Prop_carry4_S[2]_O[3])
                                                      0.144     1.864 r  butn/clock_enable_generator/counter_reg[4]_i_1/O[3]
                         net (fo=1, routed)           0.000     1.864    butn/clock_enable_generator/counter_reg[4]_i_1_n_4
    SLICE_X36Y45         FDRE                                         r  butn/clock_enable_generator/counter_reg[7]/D
  -------------------------------------------------------------------    -------------------

                         (clock sys_clk_pin rise edge)
                                                      0.000     0.000 r  
    W5                                                0.000     0.000 r  clk (IN)
                         net (fo=0)                   0.000     0.000    clk
    W5                   IBUF (Prop_ibuf_I_O)         0.414     0.414 r  clk_IBUF_inst/O
                         net (fo=1, routed)           0.685     1.099    clk_IBUF
    BUFGCTRL_X0Y1        BUFG (Prop_bufg_I_O)         0.029     1.128 r  clk_IBUF_BUFG_inst/O
                         net (fo=21, routed)          0.832     1.959    butn/clock_enable_generator/clk_IBUF_BUFG
    SLICE_X36Y45         FDRE                                         r  butn/clock_enable_generator/counter_reg[7]/C
                         clock pessimism             -0.513     1.446    
    SLICE_X36Y45         FDRE (Hold_fdre_C_D)         0.105     1.551    butn/clock_enable_generator/counter_reg[7]
  -------------------------------------------------------------------
                         required time                         -1.551    
                         arrival time                           1.864    
  -------------------------------------------------------------------
                         slack                                  0.313    

Slack (MET) :             0.313ns  (arrival time - required time)
  Source:                 butn/clock_enable_generator/counter_reg[14]/C
                            (rising edge-triggered cell FDRE clocked by sys_clk_pin  {rise@0.000ns fall@5.000ns period=10.000ns})
  Destination:            butn/clock_enable_generator/counter_reg[15]/D
                            (rising edge-triggered cell FDRE clocked by sys_clk_pin  {rise@0.000ns fall@5.000ns period=10.000ns})
  Path Group:             sys_clk_pin
  Path Type:              Hold (Min at Fast Process Corner)
  Requirement:            0.000ns  (sys_clk_pin rise@0.000ns - sys_clk_pin rise@0.000ns)
  Data Path Delay:        0.418ns  (logic 0.285ns (68.192%)  route 0.133ns (31.808%))
  Logic Levels:           1  (CARRY4=1)
  Clock Path Skew:        0.000ns (DCD - SCD - CPR)
    Destination Clock Delay (DCD):    1.960ns
    Source Clock Delay      (SCD):    1.447ns
    Clock Pessimism Removal (CPR):    0.513ns

    Location             Delay type                Incr(ns)  Path(ns)    Netlist Resource(s)
  -------------------------------------------------------------------    -------------------
                         (clock sys_clk_pin rise edge)
                                                      0.000     0.000 r  
    W5                                                0.000     0.000 r  clk (IN)
                         net (fo=0)                   0.000     0.000    clk
    W5                   IBUF (Prop_ibuf_I_O)         0.226     0.226 r  clk_IBUF_inst/O
                         net (fo=1, routed)           0.631     0.858    clk_IBUF
    BUFGCTRL_X0Y1        BUFG (Prop_bufg_I_O)         0.026     0.884 r  clk_IBUF_BUFG_inst/O
                         net (fo=21, routed)          0.564     1.447    butn/clock_enable_generator/clk_IBUF_BUFG
    SLICE_X36Y47         FDRE                                         r  butn/clock_enable_generator/counter_reg[14]/C
  -------------------------------------------------------------------    -------------------
    SLICE_X36Y47         FDRE (Prop_fdre_C_Q)         0.141     1.588 r  butn/clock_enable_generator/counter_reg[14]/Q
                         net (fo=2, routed)           0.133     1.721    butn/clock_enable_generator/counter_reg[14]
    SLICE_X36Y47         CARRY4 (Prop_carry4_S[2]_O[3])
                                                      0.144     1.865 r  butn/clock_enable_generator/counter_reg[12]_i_1/O[3]
                         net (fo=1, routed)           0.000     1.865    butn/clock_enable_generator/counter_reg[12]_i_1_n_4
    SLICE_X36Y47         FDRE                                         r  butn/clock_enable_generator/counter_reg[15]/D
  -------------------------------------------------------------------    -------------------

                         (clock sys_clk_pin rise edge)
                                                      0.000     0.000 r  
    W5                                                0.000     0.000 r  clk (IN)
                         net (fo=0)                   0.000     0.000    clk
    W5                   IBUF (Prop_ibuf_I_O)         0.414     0.414 r  clk_IBUF_inst/O
                         net (fo=1, routed)           0.685     1.099    clk_IBUF
    BUFGCTRL_X0Y1        BUFG (Prop_bufg_I_O)         0.029     1.128 r  clk_IBUF_BUFG_inst/O
                         net (fo=21, routed)          0.833     1.960    butn/clock_enable_generator/clk_IBUF_BUFG
    SLICE_X36Y47         FDRE                                         r  butn/clock_enable_generator/counter_reg[15]/C
                         clock pessimism             -0.513     1.447    
    SLICE_X36Y47         FDRE (Hold_fdre_C_D)         0.105     1.552    butn/clock_enable_generator/counter_reg[15]
  -------------------------------------------------------------------
                         required time                         -1.552    
                         arrival time                           1.865    
  -------------------------------------------------------------------
                         slack                                  0.313    

Slack (MET) :             0.324ns  (arrival time - required time)
  Source:                 butn/clock_enable_generator/counter_reg[10]/C
                            (rising edge-triggered cell FDRE clocked by sys_clk_pin  {rise@0.000ns fall@5.000ns period=10.000ns})
  Destination:            butn/clock_enable_generator/counter_reg[11]/D
                            (rising edge-triggered cell FDRE clocked by sys_clk_pin  {rise@0.000ns fall@5.000ns period=10.000ns})
  Path Group:             sys_clk_pin
  Path Type:              Hold (Min at Fast Process Corner)
  Requirement:            0.000ns  (sys_clk_pin rise@0.000ns - sys_clk_pin rise@0.000ns)
  Data Path Delay:        0.429ns  (logic 0.285ns (66.485%)  route 0.144ns (33.515%))
  Logic Levels:           1  (CARRY4=1)
  Clock Path Skew:        0.000ns (DCD - SCD - CPR)
    Destination Clock Delay (DCD):    1.959ns
    Source Clock Delay      (SCD):    1.446ns
    Clock Pessimism Removal (CPR):    0.513ns

    Location             Delay type                Incr(ns)  Path(ns)    Netlist Resource(s)
  -------------------------------------------------------------------    -------------------
                         (clock sys_clk_pin rise edge)
                                                      0.000     0.000 r  
    W5                                                0.000     0.000 r  clk (IN)
                         net (fo=0)                   0.000     0.000    clk
    W5                   IBUF (Prop_ibuf_I_O)         0.226     0.226 r  clk_IBUF_inst/O
                         net (fo=1, routed)           0.631     0.858    clk_IBUF
    BUFGCTRL_X0Y1        BUFG (Prop_bufg_I_O)         0.026     0.884 r  clk_IBUF_BUFG_inst/O
                         net (fo=21, routed)          0.563     1.446    butn/clock_enable_generator/clk_IBUF_BUFG
    SLICE_X36Y46         FDRE                                         r  butn/clock_enable_generator/counter_reg[10]/C
  -------------------------------------------------------------------    -------------------
    SLICE_X36Y46         FDRE (Prop_fdre_C_Q)         0.141     1.587 r  butn/clock_enable_generator/counter_reg[10]/Q
                         net (fo=3, routed)           0.144     1.731    butn/clock_enable_generator/counter_reg[10]
    SLICE_X36Y46         CARRY4 (Prop_carry4_S[2]_O[3])
                                                      0.144     1.875 r  butn/clock_enable_generator/counter_reg[8]_i_1/O[3]
                         net (fo=1, routed)           0.000     1.875    butn/clock_enable_generator/counter_reg[8]_i_1_n_4
    SLICE_X36Y46         FDRE                                         r  butn/clock_enable_generator/counter_reg[11]/D
  -------------------------------------------------------------------    -------------------

                         (clock sys_clk_pin rise edge)
                                                      0.000     0.000 r  
    W5                                                0.000     0.000 r  clk (IN)
                         net (fo=0)                   0.000     0.000    clk
    W5                   IBUF (Prop_ibuf_I_O)         0.414     0.414 r  clk_IBUF_inst/O
                         net (fo=1, routed)           0.685     1.099    clk_IBUF
    BUFGCTRL_X0Y1        BUFG (Prop_bufg_I_O)         0.029     1.128 r  clk_IBUF_BUFG_inst/O
                         net (fo=21, routed)          0.832     1.959    butn/clock_enable_generator/clk_IBUF_BUFG
    SLICE_X36Y46         FDRE                                         r  butn/clock_enable_generator/counter_reg[11]/C
                         clock pessimism             -0.513     1.446    
    SLICE_X36Y46         FDRE (Hold_fdre_C_D)         0.105     1.551    butn/clock_enable_generator/counter_reg[11]
  -------------------------------------------------------------------
                         required time                         -1.551    
                         arrival time                           1.875    
  -------------------------------------------------------------------
                         slack                                  0.324    

Slack (MET) :             0.335ns  (arrival time - required time)
  Source:                 butn/clock_enable_generator/counter_reg[0]/C
                            (rising edge-triggered cell FDRE clocked by sys_clk_pin  {rise@0.000ns fall@5.000ns period=10.000ns})
  Destination:            butn/clock_enable_generator/counter_reg[0]/D
                            (rising edge-triggered cell FDRE clocked by sys_clk_pin  {rise@0.000ns fall@5.000ns period=10.000ns})
  Path Group:             sys_clk_pin
  Path Type:              Hold (Min at Fast Process Corner)
  Requirement:            0.000ns  (sys_clk_pin rise@0.000ns - sys_clk_pin rise@0.000ns)
  Data Path Delay:        0.440ns  (logic 0.256ns (58.221%)  route 0.184ns (41.779%))
  Logic Levels:           2  (CARRY4=1 LUT1=1)
  Clock Path Skew:        0.000ns (DCD - SCD - CPR)
    Destination Clock Delay (DCD):    1.959ns
    Source Clock Delay      (SCD):    1.446ns
    Clock Pessimism Removal (CPR):    0.513ns

    Location             Delay type                Incr(ns)  Path(ns)    Netlist Resource(s)
  -------------------------------------------------------------------    -------------------
                         (clock sys_clk_pin rise edge)
                                                      0.000     0.000 r  
    W5                                                0.000     0.000 r  clk (IN)
                         net (fo=0)                   0.000     0.000    clk
    W5                   IBUF (Prop_ibuf_I_O)         0.226     0.226 r  clk_IBUF_inst/O
                         net (fo=1, routed)           0.631     0.858    clk_IBUF
    BUFGCTRL_X0Y1        BUFG (Prop_bufg_I_O)         0.026     0.884 r  clk_IBUF_BUFG_inst/O
                         net (fo=21, routed)          0.563     1.446    butn/clock_enable_generator/clk_IBUF_BUFG
    SLICE_X36Y44         FDRE                                         r  butn/clock_enable_generator/counter_reg[0]/C
  -------------------------------------------------------------------    -------------------
    SLICE_X36Y44         FDRE (Prop_fdre_C_Q)         0.141     1.587 f  butn/clock_enable_generator/counter_reg[0]/Q
                         net (fo=2, routed)           0.184     1.771    butn/clock_enable_generator/counter_reg[0]
    SLICE_X36Y44         LUT1 (Prop_lut1_I0_O)        0.045     1.816 r  butn/clock_enable_generator/counter[0]_i_4/O
                         net (fo=1, routed)           0.000     1.816    butn/clock_enable_generator/counter[0]_i_4_n_0
    SLICE_X36Y44         CARRY4 (Prop_carry4_S[0]_O[0])
                                                      0.070     1.886 r  butn/clock_enable_generator/counter_reg[0]_i_2/O[0]
                         net (fo=1, routed)           0.000     1.886    butn/clock_enable_generator/counter_reg[0]_i_2_n_7
    SLICE_X36Y44         FDRE                                         r  butn/clock_enable_generator/counter_reg[0]/D
  -------------------------------------------------------------------    -------------------

                         (clock sys_clk_pin rise edge)
                                                      0.000     0.000 r  
    W5                                                0.000     0.000 r  clk (IN)
                         net (fo=0)                   0.000     0.000    clk
    W5                   IBUF (Prop_ibuf_I_O)         0.414     0.414 r  clk_IBUF_inst/O
                         net (fo=1, routed)           0.685     1.099    clk_IBUF
    BUFGCTRL_X0Y1        BUFG (Prop_bufg_I_O)         0.029     1.128 r  clk_IBUF_BUFG_inst/O
                         net (fo=21, routed)          0.832     1.959    butn/clock_enable_generator/clk_IBUF_BUFG
    SLICE_X36Y44         FDRE                                         r  butn/clock_enable_generator/counter_reg[0]/C
                         clock pessimism             -0.513     1.446    
    SLICE_X36Y44         FDRE (Hold_fdre_C_D)         0.105     1.551    butn/clock_enable_generator/counter_reg[0]
  -------------------------------------------------------------------
                         required time                         -1.551    
                         arrival time                           1.886    
  -------------------------------------------------------------------
                         slack                                  0.335    





Pulse Width Checks
--------------------------------------------------------------------------------------
Clock Name:         sys_clk_pin
Waveform(ns):       { 0.000 5.000 }
Period(ns):         10.000
Sources:            { clk }

Check Type        Corner  Lib Pin  Reference Pin  Required(ns)  Actual(ns)  Slack(ns)  Location       Pin
Min Period        n/a     BUFG/I   n/a            2.155         10.000      7.845      BUFGCTRL_X0Y1  clk_IBUF_BUFG_inst/I
Min Period        n/a     FDRE/C   n/a            1.000         10.000      9.000      SLICE_X34Y46   butn/Debouncing_FF0/Q_reg/C
Min Period        n/a     FDRE/C   n/a            1.000         10.000      9.000      SLICE_X35Y46   butn/Debouncing_FF1/Q_reg/C
Min Period        n/a     FDRE/C   n/a            1.000         10.000      9.000      SLICE_X35Y46   butn/Debouncing_FF2/Q_reg/C
Min Period        n/a     FDRE/C   n/a            1.000         10.000      9.000      SLICE_X36Y44   butn/clock_enable_generator/counter_reg[0]/C
Min Period        n/a     FDRE/C   n/a            1.000         10.000      9.000      SLICE_X36Y46   butn/clock_enable_generator/counter_reg[10]/C
Min Period        n/a     FDRE/C   n/a            1.000         10.000      9.000      SLICE_X36Y46   butn/clock_enable_generator/counter_reg[11]/C
Min Period        n/a     FDRE/C   n/a            1.000         10.000      9.000      SLICE_X36Y47   butn/clock_enable_generator/counter_reg[12]/C
Min Period        n/a     FDRE/C   n/a            1.000         10.000      9.000      SLICE_X36Y47   butn/clock_enable_generator/counter_reg[13]/C
Min Period        n/a     FDRE/C   n/a            1.000         10.000      9.000      SLICE_X36Y47   butn/clock_enable_generator/counter_reg[14]/C
Low Pulse Width   Slow    FDRE/C   n/a            0.500         5.000       4.500      SLICE_X34Y46   butn/Debouncing_FF0/Q_reg/C
Low Pulse Width   Fast    FDRE/C   n/a            0.500         5.000       4.500      SLICE_X34Y46   butn/Debouncing_FF0/Q_reg/C
Low Pulse Width   Slow    FDRE/C   n/a            0.500         5.000       4.500      SLICE_X35Y46   butn/Debouncing_FF1/Q_reg/C
Low Pulse Width   Fast    FDRE/C   n/a            0.500         5.000       4.500      SLICE_X35Y46   butn/Debouncing_FF1/Q_reg/C
Low Pulse Width   Slow    FDRE/C   n/a            0.500         5.000       4.500      SLICE_X35Y46   butn/Debouncing_FF2/Q_reg/C
Low Pulse Width   Fast    FDRE/C   n/a            0.500         5.000       4.500      SLICE_X35Y46   butn/Debouncing_FF2/Q_reg/C
Low Pulse Width   Slow    FDRE/C   n/a            0.500         5.000       4.500      SLICE_X36Y44   butn/clock_enable_generator/counter_reg[0]/C
Low Pulse Width   Fast    FDRE/C   n/a            0.500         5.000       4.500      SLICE_X36Y44   butn/clock_enable_generator/counter_reg[0]/C
Low Pulse Width   Slow    FDRE/C   n/a            0.500         5.000       4.500      SLICE_X36Y46   butn/clock_enable_generator/counter_reg[10]/C
Low Pulse Width   Fast    FDRE/C   n/a            0.500         5.000       4.500      SLICE_X36Y46   butn/clock_enable_generator/counter_reg[10]/C
High Pulse Width  Slow    FDRE/C   n/a            0.500         5.000       4.500      SLICE_X34Y46   butn/Debouncing_FF0/Q_reg/C
High Pulse Width  Fast    FDRE/C   n/a            0.500         5.000       4.500      SLICE_X34Y46   butn/Debouncing_FF0/Q_reg/C
High Pulse Width  Slow    FDRE/C   n/a            0.500         5.000       4.500      SLICE_X35Y46   butn/Debouncing_FF1/Q_reg/C
High Pulse Width  Fast    FDRE/C   n/a            0.500         5.000       4.500      SLICE_X35Y46   butn/Debouncing_FF1/Q_reg/C
High Pulse Width  Slow    FDRE/C   n/a            0.500         5.000       4.500      SLICE_X35Y46   butn/Debouncing_FF2/Q_reg/C
High Pulse Width  Fast    FDRE/C   n/a            0.500         5.000       4.500      SLICE_X35Y46   butn/Debouncing_FF2/Q_reg/C
High Pulse Width  Slow    FDRE/C   n/a            0.500         5.000       4.500      SLICE_X36Y44   butn/clock_enable_generator/counter_reg[0]/C
High Pulse Width  Fast    FDRE/C   n/a            0.500         5.000       4.500      SLICE_X36Y44   butn/clock_enable_generator/counter_reg[0]/C
High Pulse Width  Slow    FDRE/C   n/a            0.500         5.000       4.500      SLICE_X36Y46   butn/clock_enable_generator/counter_reg[10]/C
High Pulse Width  Fast    FDRE/C   n/a            0.500         5.000       4.500      SLICE_X36Y46   butn/clock_enable_generator/counter_reg[10]/C



--------------------------------------------------------------------------------------
Path Group:  (none)
From Clock:  
  To Clock:  

Max Delay           107 Endpoints
Min Delay           107 Endpoints
--------------------------------------------------------------------------------------


Max Delay Paths
--------------------------------------------------------------------------------------
Slack:                    inf
  Source:                 Inputs[6]
                            (input port)
  Destination:            calc/reg_file/reg0_reg[5]/D
  Path Group:             (none)
  Path Type:              Max at Slow Process Corner
  Data Path Delay:        9.890ns  (logic 3.229ns (32.648%)  route 6.661ns (67.352%))
  Logic Levels:           7  (CARRY4=2 IBUF=1 LUT2=1 LUT5=2 LUT6=1)

    Location             Delay type                Incr(ns)  Path(ns)    Netlist Resource(s)
  -------------------------------------------------------------------    -------------------
    W14                                               0.000     0.000 r  Inputs[6] (IN)
                         net (fo=0)                   0.000     0.000    Inputs[6]
    W14                  IBUF (Prop_ibuf_I_O)         1.450     1.450 r  Inputs_IBUF[6]_inst/O
                         net (fo=7, routed)           2.424     3.874    calc/instruction/Inputs_IBUF[6]
    SLICE_X1Y30          LUT5 (Prop_lut5_I4_O)        0.124     3.998 f  calc/instruction/jump_st_i_2/O
                         net (fo=5, routed)           0.749     4.746    calc/instruction/jump_st_i_2_n_0
    SLICE_X4Y29          LUT6 (Prop_lut6_I5_O)        0.124     4.870 r  calc/instruction/reg2[7]_i_6/O
                         net (fo=35, routed)          1.125     5.995    calc/instruction/set_st_reg_0
    SLICE_X1Y31          LUT2 (Prop_lut2_I0_O)        0.150     6.145 r  calc/instruction/Output10_carry_i_4/O
                         net (fo=1, routed)           0.608     6.754    calc/alu_op/DI[0]
    SLICE_X2Y30          CARRY4 (Prop_carry4_DI[0]_CO[3])
                                                      0.752     7.506 r  calc/alu_op/Output10_carry/CO[3]
                         net (fo=1, routed)           0.000     7.506    calc/alu_op/Output10_carry_n_0
    SLICE_X2Y31          CARRY4 (Prop_carry4_CI_O[1])
                                                      0.323     7.829 r  calc/alu_op/Output10_carry__0/O[1]
                         net (fo=1, routed)           0.800     8.629    calc/instruction/Output10[5]
    SLICE_X4Y31          LUT5 (Prop_lut5_I0_O)        0.306     8.935 r  calc/instruction/reg2[5]_i_1/O
                         net (fo=4, routed)           0.955     9.890    calc/reg_file/reg2_reg[5]_0
    SLICE_X4Y30          FDSE                                         r  calc/reg_file/reg0_reg[5]/D
  -------------------------------------------------------------------    -------------------

Slack:                    inf
  Source:                 Inputs[6]
                            (input port)
  Destination:            calc/reg_file/reg3_reg[7]/D
  Path Group:             (none)
  Path Type:              Max at Slow Process Corner
  Data Path Delay:        9.668ns  (logic 3.222ns (33.324%)  route 6.446ns (66.676%))
  Logic Levels:           7  (CARRY4=2 IBUF=1 LUT2=1 LUT5=2 LUT6=1)

    Location             Delay type                Incr(ns)  Path(ns)    Netlist Resource(s)
  -------------------------------------------------------------------    -------------------
    W14                                               0.000     0.000 r  Inputs[6] (IN)
                         net (fo=0)                   0.000     0.000    Inputs[6]
    W14                  IBUF (Prop_ibuf_I_O)         1.450     1.450 r  Inputs_IBUF[6]_inst/O
                         net (fo=7, routed)           2.424     3.874    calc/instruction/Inputs_IBUF[6]
    SLICE_X1Y30          LUT5 (Prop_lut5_I4_O)        0.124     3.998 f  calc/instruction/jump_st_i_2/O
                         net (fo=5, routed)           0.749     4.746    calc/instruction/jump_st_i_2_n_0
    SLICE_X4Y29          LUT6 (Prop_lut6_I5_O)        0.124     4.870 r  calc/instruction/reg2[7]_i_6/O
                         net (fo=35, routed)          1.125     5.995    calc/instruction/set_st_reg_0
    SLICE_X1Y31          LUT2 (Prop_lut2_I0_O)        0.150     6.145 r  calc/instruction/Output10_carry_i_4/O
                         net (fo=1, routed)           0.608     6.754    calc/alu_op/DI[0]
    SLICE_X2Y30          CARRY4 (Prop_carry4_DI[0]_CO[3])
                                                      0.752     7.506 r  calc/alu_op/Output10_carry/CO[3]
                         net (fo=1, routed)           0.000     7.506    calc/alu_op/Output10_carry_n_0
    SLICE_X2Y31          CARRY4 (Prop_carry4_CI_O[3])
                                                      0.315     7.821 r  calc/alu_op/Output10_carry__0/O[3]
                         net (fo=1, routed)           0.819     8.640    calc/instruction/Output10[7]
    SLICE_X4Y31          LUT5 (Prop_lut5_I3_O)        0.307     8.947 r  calc/instruction/reg2[7]_i_3/O
                         net (fo=4, routed)           0.721     9.668    calc/reg_file/reg2_reg[7]_2
    SLICE_X5Y30          FDSE                                         r  calc/reg_file/reg3_reg[7]/D
  -------------------------------------------------------------------    -------------------

Slack:                    inf
  Source:                 Inputs[6]
                            (input port)
  Destination:            calc/reg_file/reg1_reg[6]/D
  Path Group:             (none)
  Path Type:              Max at Slow Process Corner
  Data Path Delay:        9.586ns  (logic 3.140ns (32.755%)  route 6.446ns (67.245%))
  Logic Levels:           7  (CARRY4=2 IBUF=1 LUT2=1 LUT5=2 LUT6=1)

    Location             Delay type                Incr(ns)  Path(ns)    Netlist Resource(s)
  -------------------------------------------------------------------    -------------------
    W14                                               0.000     0.000 r  Inputs[6] (IN)
                         net (fo=0)                   0.000     0.000    Inputs[6]
    W14                  IBUF (Prop_ibuf_I_O)         1.450     1.450 r  Inputs_IBUF[6]_inst/O
                         net (fo=7, routed)           2.424     3.874    calc/instruction/Inputs_IBUF[6]
    SLICE_X1Y30          LUT5 (Prop_lut5_I4_O)        0.124     3.998 f  calc/instruction/jump_st_i_2/O
                         net (fo=5, routed)           0.749     4.746    calc/instruction/jump_st_i_2_n_0
    SLICE_X4Y29          LUT6 (Prop_lut6_I5_O)        0.124     4.870 r  calc/instruction/reg2[7]_i_6/O
                         net (fo=35, routed)          1.125     5.995    calc/instruction/set_st_reg_0
    SLICE_X1Y31          LUT2 (Prop_lut2_I0_O)        0.150     6.145 r  calc/instruction/Output10_carry_i_4/O
                         net (fo=1, routed)           0.608     6.754    calc/alu_op/DI[0]
    SLICE_X2Y30          CARRY4 (Prop_carry4_DI[0]_CO[3])
                                                      0.752     7.506 r  calc/alu_op/Output10_carry/CO[3]
                         net (fo=1, routed)           0.000     7.506    calc/alu_op/Output10_carry_n_0
    SLICE_X2Y31          CARRY4 (Prop_carry4_CI_O[2])
                                                      0.239     7.745 r  calc/alu_op/Output10_carry__0/O[2]
                         net (fo=1, routed)           0.948     8.692    calc/instruction/Output10[6]
    SLICE_X4Y31          LUT5 (Prop_lut5_I0_O)        0.301     8.993 r  calc/instruction/reg2[6]_i_1/O
                         net (fo=4, routed)           0.592     9.586    calc/reg_file/reg2_reg[6]_0
    SLICE_X4Y31          FDSE                                         r  calc/reg_file/reg1_reg[6]/D
  -------------------------------------------------------------------    -------------------

Slack:                    inf
  Source:                 Inputs[6]
                            (input port)
  Destination:            calc/reg_file/reg1_reg[5]/D
  Path Group:             (none)
  Path Type:              Max at Slow Process Corner
  Data Path Delay:        9.579ns  (logic 3.229ns (33.706%)  route 6.350ns (66.294%))
  Logic Levels:           7  (CARRY4=2 IBUF=1 LUT2=1 LUT5=2 LUT6=1)

    Location             Delay type                Incr(ns)  Path(ns)    Netlist Resource(s)
  -------------------------------------------------------------------    -------------------
    W14                                               0.000     0.000 r  Inputs[6] (IN)
                         net (fo=0)                   0.000     0.000    Inputs[6]
    W14                  IBUF (Prop_ibuf_I_O)         1.450     1.450 r  Inputs_IBUF[6]_inst/O
                         net (fo=7, routed)           2.424     3.874    calc/instruction/Inputs_IBUF[6]
    SLICE_X1Y30          LUT5 (Prop_lut5_I4_O)        0.124     3.998 f  calc/instruction/jump_st_i_2/O
                         net (fo=5, routed)           0.749     4.746    calc/instruction/jump_st_i_2_n_0
    SLICE_X4Y29          LUT6 (Prop_lut6_I5_O)        0.124     4.870 r  calc/instruction/reg2[7]_i_6/O
                         net (fo=35, routed)          1.125     5.995    calc/instruction/set_st_reg_0
    SLICE_X1Y31          LUT2 (Prop_lut2_I0_O)        0.150     6.145 r  calc/instruction/Output10_carry_i_4/O
                         net (fo=1, routed)           0.608     6.754    calc/alu_op/DI[0]
    SLICE_X2Y30          CARRY4 (Prop_carry4_DI[0]_CO[3])
                                                      0.752     7.506 r  calc/alu_op/Output10_carry/CO[3]
                         net (fo=1, routed)           0.000     7.506    calc/alu_op/Output10_carry_n_0
    SLICE_X2Y31          CARRY4 (Prop_carry4_CI_O[1])
                                                      0.323     7.829 r  calc/alu_op/Output10_carry__0/O[1]
                         net (fo=1, routed)           0.800     8.629    calc/instruction/Output10[5]
    SLICE_X4Y31          LUT5 (Prop_lut5_I0_O)        0.306     8.935 r  calc/instruction/reg2[5]_i_1/O
                         net (fo=4, routed)           0.644     9.579    calc/reg_file/reg2_reg[5]_0
    SLICE_X4Y31          FDSE                                         r  calc/reg_file/reg1_reg[5]/D
  -------------------------------------------------------------------    -------------------

Slack:                    inf
  Source:                 Inputs[6]
                            (input port)
  Destination:            calc/reg_file/reg1_reg[7]/D
  Path Group:             (none)
  Path Type:              Max at Slow Process Corner
  Data Path Delay:        9.513ns  (logic 3.222ns (33.867%)  route 6.291ns (66.133%))
  Logic Levels:           7  (CARRY4=2 IBUF=1 LUT2=1 LUT5=2 LUT6=1)

    Location             Delay type                Incr(ns)  Path(ns)    Netlist Resource(s)
  -------------------------------------------------------------------    -------------------
    W14                                               0.000     0.000 r  Inputs[6] (IN)
                         net (fo=0)                   0.000     0.000    Inputs[6]
    W14                  IBUF (Prop_ibuf_I_O)         1.450     1.450 r  Inputs_IBUF[6]_inst/O
                         net (fo=7, routed)           2.424     3.874    calc/instruction/Inputs_IBUF[6]
    SLICE_X1Y30          LUT5 (Prop_lut5_I4_O)        0.124     3.998 f  calc/instruction/jump_st_i_2/O
                         net (fo=5, routed)           0.749     4.746    calc/instruction/jump_st_i_2_n_0
    SLICE_X4Y29          LUT6 (Prop_lut6_I5_O)        0.124     4.870 r  calc/instruction/reg2[7]_i_6/O
                         net (fo=35, routed)          1.125     5.995    calc/instruction/set_st_reg_0
    SLICE_X1Y31          LUT2 (Prop_lut2_I0_O)        0.150     6.145 r  calc/instruction/Output10_carry_i_4/O
                         net (fo=1, routed)           0.608     6.754    calc/alu_op/DI[0]
    SLICE_X2Y30          CARRY4 (Prop_carry4_DI[0]_CO[3])
                                                      0.752     7.506 r  calc/alu_op/Output10_carry/CO[3]
                         net (fo=1, routed)           0.000     7.506    calc/alu_op/Output10_carry_n_0
    SLICE_X2Y31          CARRY4 (Prop_carry4_CI_O[3])
                                                      0.315     7.821 r  calc/alu_op/Output10_carry__0/O[3]
                         net (fo=1, routed)           0.819     8.640    calc/instruction/Output10[7]
    SLICE_X4Y31          LUT5 (Prop_lut5_I3_O)        0.307     8.947 r  calc/instruction/reg2[7]_i_3/O
                         net (fo=4, routed)           0.566     9.513    calc/reg_file/reg2_reg[7]_2
    SLICE_X4Y31          FDSE                                         r  calc/reg_file/reg1_reg[7]/D
  -------------------------------------------------------------------    -------------------

Slack:                    inf
  Source:                 Inputs[6]
                            (input port)
  Destination:            calc/reg_file/reg3_reg[6]/D
  Path Group:             (none)
  Path Type:              Max at Slow Process Corner
  Data Path Delay:        9.511ns  (logic 3.140ns (33.013%)  route 6.371ns (66.987%))
  Logic Levels:           7  (CARRY4=2 IBUF=1 LUT2=1 LUT5=2 LUT6=1)

    Location             Delay type                Incr(ns)  Path(ns)    Netlist Resource(s)
  -------------------------------------------------------------------    -------------------
    W14                                               0.000     0.000 r  Inputs[6] (IN)
                         net (fo=0)                   0.000     0.000    Inputs[6]
    W14                  IBUF (Prop_ibuf_I_O)         1.450     1.450 r  Inputs_IBUF[6]_inst/O
                         net (fo=7, routed)           2.424     3.874    calc/instruction/Inputs_IBUF[6]
    SLICE_X1Y30          LUT5 (Prop_lut5_I4_O)        0.124     3.998 f  calc/instruction/jump_st_i_2/O
                         net (fo=5, routed)           0.749     4.746    calc/instruction/jump_st_i_2_n_0
    SLICE_X4Y29          LUT6 (Prop_lut6_I5_O)        0.124     4.870 r  calc/instruction/reg2[7]_i_6/O
                         net (fo=35, routed)          1.125     5.995    calc/instruction/set_st_reg_0
    SLICE_X1Y31          LUT2 (Prop_lut2_I0_O)        0.150     6.145 r  calc/instruction/Output10_carry_i_4/O
                         net (fo=1, routed)           0.608     6.754    calc/alu_op/DI[0]
    SLICE_X2Y30          CARRY4 (Prop_carry4_DI[0]_CO[3])
                                                      0.752     7.506 r  calc/alu_op/Output10_carry/CO[3]
                         net (fo=1, routed)           0.000     7.506    calc/alu_op/Output10_carry_n_0
    SLICE_X2Y31          CARRY4 (Prop_carry4_CI_O[2])
                                                      0.239     7.745 r  calc/alu_op/Output10_carry__0/O[2]
                         net (fo=1, routed)           0.948     8.692    calc/instruction/Output10[6]
    SLICE_X4Y31          LUT5 (Prop_lut5_I0_O)        0.301     8.993 r  calc/instruction/reg2[6]_i_1/O
                         net (fo=4, routed)           0.517     9.511    calc/reg_file/reg2_reg[6]_0
    SLICE_X5Y30          FDSE                                         r  calc/reg_file/reg3_reg[6]/D
  -------------------------------------------------------------------    -------------------

Slack:                    inf
  Source:                 Inputs[6]
                            (input port)
  Destination:            calc/reg_file/reg0_reg[6]/D
  Path Group:             (none)
  Path Type:              Max at Slow Process Corner
  Data Path Delay:        9.481ns  (logic 3.140ns (33.117%)  route 6.341ns (66.883%))
  Logic Levels:           7  (CARRY4=2 IBUF=1 LUT2=1 LUT5=2 LUT6=1)

    Location             Delay type                Incr(ns)  Path(ns)    Netlist Resource(s)
  -------------------------------------------------------------------    -------------------
    W14                                               0.000     0.000 r  Inputs[6] (IN)
                         net (fo=0)                   0.000     0.000    Inputs[6]
    W14                  IBUF (Prop_ibuf_I_O)         1.450     1.450 r  Inputs_IBUF[6]_inst/O
                         net (fo=7, routed)           2.424     3.874    calc/instruction/Inputs_IBUF[6]
    SLICE_X1Y30          LUT5 (Prop_lut5_I4_O)        0.124     3.998 f  calc/instruction/jump_st_i_2/O
                         net (fo=5, routed)           0.749     4.746    calc/instruction/jump_st_i_2_n_0
    SLICE_X4Y29          LUT6 (Prop_lut6_I5_O)        0.124     4.870 r  calc/instruction/reg2[7]_i_6/O
                         net (fo=35, routed)          1.125     5.995    calc/instruction/set_st_reg_0
    SLICE_X1Y31          LUT2 (Prop_lut2_I0_O)        0.150     6.145 r  calc/instruction/Output10_carry_i_4/O
                         net (fo=1, routed)           0.608     6.754    calc/alu_op/DI[0]
    SLICE_X2Y30          CARRY4 (Prop_carry4_DI[0]_CO[3])
                                                      0.752     7.506 r  calc/alu_op/Output10_carry/CO[3]
                         net (fo=1, routed)           0.000     7.506    calc/alu_op/Output10_carry_n_0
    SLICE_X2Y31          CARRY4 (Prop_carry4_CI_O[2])
                                                      0.239     7.745 r  calc/alu_op/Output10_carry__0/O[2]
                         net (fo=1, routed)           0.948     8.692    calc/instruction/Output10[6]
    SLICE_X4Y31          LUT5 (Prop_lut5_I0_O)        0.301     8.993 r  calc/instruction/reg2[6]_i_1/O
                         net (fo=4, routed)           0.487     9.481    calc/reg_file/reg2_reg[6]_0
    SLICE_X6Y30          FDSE                                         r  calc/reg_file/reg0_reg[6]/D
  -------------------------------------------------------------------    -------------------

Slack:                    inf
  Source:                 Inputs[6]
                            (input port)
  Destination:            calc/reg_file/reg3_reg[1]/D
  Path Group:             (none)
  Path Type:              Max at Slow Process Corner
  Data Path Delay:        9.329ns  (logic 2.924ns (31.341%)  route 6.405ns (68.659%))
  Logic Levels:           7  (CARRY4=1 IBUF=1 LUT2=1 LUT3=1 LUT5=1 LUT6=2)

    Location             Delay type                Incr(ns)  Path(ns)    Netlist Resource(s)
  -------------------------------------------------------------------    -------------------
    W14                                               0.000     0.000 r  Inputs[6] (IN)
                         net (fo=0)                   0.000     0.000    Inputs[6]
    W14                  IBUF (Prop_ibuf_I_O)         1.450     1.450 r  Inputs_IBUF[6]_inst/O
                         net (fo=7, routed)           2.424     3.874    calc/instruction/Inputs_IBUF[6]
    SLICE_X1Y30          LUT5 (Prop_lut5_I4_O)        0.124     3.998 f  calc/instruction/jump_st_i_2/O
                         net (fo=5, routed)           0.749     4.746    calc/instruction/jump_st_i_2_n_0
    SLICE_X4Y29          LUT6 (Prop_lut6_I5_O)        0.124     4.870 r  calc/instruction/reg2[7]_i_6/O
                         net (fo=35, routed)          1.125     5.995    calc/instruction/set_st_reg_0
    SLICE_X1Y31          LUT2 (Prop_lut2_I0_O)        0.150     6.145 r  calc/instruction/Output10_carry_i_4/O
                         net (fo=1, routed)           0.608     6.754    calc/alu_op/DI[0]
    SLICE_X2Y30          CARRY4 (Prop_carry4_DI[0]_O[1])
                                                      0.624     7.378 r  calc/alu_op/Output10_carry/O[1]
                         net (fo=1, routed)           0.827     8.205    calc/instruction/Output10[1]
    SLICE_X3Y29          LUT6 (Prop_lut6_I2_O)        0.306     8.511 r  calc/instruction/reg2[1]_i_2/O
                         net (fo=4, routed)           0.672     9.183    calc/reg_file/OutputD[1]
    SLICE_X2Y29          LUT3 (Prop_lut3_I0_O)        0.146     9.329 r  calc/reg_file/reg3[1]_i_1/O
                         net (fo=1, routed)           0.000     9.329    calc/reg_file/reg3[1]_i_1_n_0
    SLICE_X2Y29          FDRE                                         r  calc/reg_file/reg3_reg[1]/D
  -------------------------------------------------------------------    -------------------

Slack:                    inf
  Source:                 Inputs[6]
                            (input port)
  Destination:            calc/reg_file/reg2_reg[1]/D
  Path Group:             (none)
  Path Type:              Max at Slow Process Corner
  Data Path Delay:        9.327ns  (logic 2.930ns (31.412%)  route 6.397ns (68.588%))
  Logic Levels:           7  (CARRY4=1 IBUF=1 LUT2=1 LUT3=1 LUT5=1 LUT6=2)

    Location             Delay type                Incr(ns)  Path(ns)    Netlist Resource(s)
  -------------------------------------------------------------------    -------------------
    W14                                               0.000     0.000 r  Inputs[6] (IN)
                         net (fo=0)                   0.000     0.000    Inputs[6]
    W14                  IBUF (Prop_ibuf_I_O)         1.450     1.450 r  Inputs_IBUF[6]_inst/O
                         net (fo=7, routed)           2.424     3.874    calc/instruction/Inputs_IBUF[6]
    SLICE_X1Y30          LUT5 (Prop_lut5_I4_O)        0.124     3.998 f  calc/instruction/jump_st_i_2/O
                         net (fo=5, routed)           0.749     4.746    calc/instruction/jump_st_i_2_n_0
    SLICE_X4Y29          LUT6 (Prop_lut6_I5_O)        0.124     4.870 r  calc/instruction/reg2[7]_i_6/O
                         net (fo=35, routed)          1.125     5.995    calc/instruction/set_st_reg_0
    SLICE_X1Y31          LUT2 (Prop_lut2_I0_O)        0.150     6.145 r  calc/instruction/Output10_carry_i_4/O
                         net (fo=1, routed)           0.608     6.754    calc/alu_op/DI[0]
    SLICE_X2Y30          CARRY4 (Prop_carry4_DI[0]_O[1])
                                                      0.624     7.378 r  calc/alu_op/Output10_carry/O[1]
                         net (fo=1, routed)           0.827     8.205    calc/instruction/Output10[1]
    SLICE_X3Y29          LUT6 (Prop_lut6_I2_O)        0.306     8.511 r  calc/instruction/reg2[1]_i_2/O
                         net (fo=4, routed)           0.664     9.175    calc/reg_file/OutputD[1]
    SLICE_X2Y29          LUT3 (Prop_lut3_I0_O)        0.152     9.327 r  calc/reg_file/reg2[1]_i_1/O
                         net (fo=1, routed)           0.000     9.327    calc/reg_file/reg2[1]_i_1_n_0
    SLICE_X2Y29          FDRE                                         r  calc/reg_file/reg2_reg[1]/D
  -------------------------------------------------------------------    -------------------

Slack:                    inf
  Source:                 Inputs[6]
                            (input port)
  Destination:            calc/reg_file/reg2_reg[2]/D
  Path Group:             (none)
  Path Type:              Max at Slow Process Corner
  Data Path Delay:        9.311ns  (logic 3.080ns (33.075%)  route 6.232ns (66.925%))
  Logic Levels:           7  (CARRY4=1 IBUF=1 LUT2=1 LUT3=1 LUT5=1 LUT6=2)

    Location             Delay type                Incr(ns)  Path(ns)    Netlist Resource(s)
  -------------------------------------------------------------------    -------------------
    W14                                               0.000     0.000 r  Inputs[6] (IN)
                         net (fo=0)                   0.000     0.000    Inputs[6]
    W14                  IBUF (Prop_ibuf_I_O)         1.450     1.450 r  Inputs_IBUF[6]_inst/O
                         net (fo=7, routed)           2.424     3.874    calc/instruction/Inputs_IBUF[6]
    SLICE_X1Y30          LUT5 (Prop_lut5_I4_O)        0.124     3.998 f  calc/instruction/jump_st_i_2/O
                         net (fo=5, routed)           0.749     4.746    calc/instruction/jump_st_i_2_n_0
    SLICE_X4Y29          LUT6 (Prop_lut6_I5_O)        0.124     4.870 r  calc/instruction/reg2[7]_i_6/O
                         net (fo=35, routed)          1.125     5.995    calc/instruction/set_st_reg_0
    SLICE_X1Y31          LUT2 (Prop_lut2_I0_O)        0.150     6.145 r  calc/instruction/Output10_carry_i_4/O
                         net (fo=1, routed)           0.608     6.754    calc/alu_op/DI[0]
    SLICE_X2Y30          CARRY4 (Prop_carry4_DI[0]_O[2])
                                                      0.781     7.535 r  calc/alu_op/Output10_carry/O[2]
                         net (fo=1, routed)           0.664     8.198    calc/instruction/Output10[2]
    SLICE_X4Y29          LUT6 (Prop_lut6_I5_O)        0.301     8.499 r  calc/instruction/reg2[2]_i_2/O
                         net (fo=4, routed)           0.662     9.161    calc/reg_file/OutputD[2]
    SLICE_X6Y29          LUT3 (Prop_lut3_I0_O)        0.150     9.311 r  calc/reg_file/reg2[2]_i_1/O
                         net (fo=1, routed)           0.000     9.311    calc/reg_file/reg2[2]_i_1_n_0
    SLICE_X6Y29          FDRE                                         r  calc/reg_file/reg2_reg[2]/D
  -------------------------------------------------------------------    -------------------





Min Delay Paths
--------------------------------------------------------------------------------------
Slack:                    inf
  Source:                 calc/print/saved_state_reg[3]/C
                            (rising edge-triggered cell FDRE)
  Destination:            calc/print/LED_out_reg[3]/D
  Path Group:             (none)
  Path Type:              Min at Fast Process Corner
  Data Path Delay:        0.240ns  (logic 0.186ns (77.466%)  route 0.054ns (22.534%))
  Logic Levels:           2  (FDRE=1 LUT4=1)

    Location             Delay type                Incr(ns)  Path(ns)    Netlist Resource(s)
  -------------------------------------------------------------------    -------------------
    SLICE_X3Y28          FDRE                         0.000     0.000 r  calc/print/saved_state_reg[3]/C
    SLICE_X3Y28          FDRE (Prop_fdre_C_Q)         0.141     0.141 r  calc/print/saved_state_reg[3]/Q
                         net (fo=1, routed)           0.054     0.195    calc/instruction/Q[3]
    SLICE_X2Y28          LUT4 (Prop_lut4_I2_O)        0.045     0.240 r  calc/instruction/LED_out[3]_i_1/O
                         net (fo=1, routed)           0.000     0.240    calc/print/D[3]
    SLICE_X2Y28          FDRE                                         r  calc/print/LED_out_reg[3]/D
  -------------------------------------------------------------------    -------------------

Slack:                    inf
  Source:                 calc/print/saved_state_reg[4]/C
                            (rising edge-triggered cell FDRE)
  Destination:            calc/print/LED_out_reg[4]/D
  Path Group:             (none)
  Path Type:              Min at Fast Process Corner
  Data Path Delay:        0.275ns  (logic 0.186ns (67.611%)  route 0.089ns (32.389%))
  Logic Levels:           2  (FDRE=1 LUT4=1)

    Location             Delay type                Incr(ns)  Path(ns)    Netlist Resource(s)
  -------------------------------------------------------------------    -------------------
    SLICE_X3Y28          FDRE                         0.000     0.000 r  calc/print/saved_state_reg[4]/C
    SLICE_X3Y28          FDRE (Prop_fdre_C_Q)         0.141     0.141 r  calc/print/saved_state_reg[4]/Q
                         net (fo=1, routed)           0.089     0.230    calc/instruction/Q[4]
    SLICE_X2Y28          LUT4 (Prop_lut4_I2_O)        0.045     0.275 r  calc/instruction/LED_out[4]_i_1/O
                         net (fo=1, routed)           0.000     0.275    calc/print/D[4]
    SLICE_X2Y28          FDRE                                         r  calc/print/LED_out_reg[4]/D
  -------------------------------------------------------------------    -------------------

Slack:                    inf
  Source:                 calc/print/saved_state_reg[7]/C
                            (rising edge-triggered cell FDRE)
  Destination:            calc/print/LED_out_reg[7]/D
  Path Group:             (none)
  Path Type:              Min at Fast Process Corner
  Data Path Delay:        0.281ns  (logic 0.186ns (66.187%)  route 0.095ns (33.813%))
  Logic Levels:           2  (FDRE=1 LUT4=1)

    Location             Delay type                Incr(ns)  Path(ns)    Netlist Resource(s)
  -------------------------------------------------------------------    -------------------
    SLICE_X1Y29          FDRE                         0.000     0.000 r  calc/print/saved_state_reg[7]/C
    SLICE_X1Y29          FDRE (Prop_fdre_C_Q)         0.141     0.141 r  calc/print/saved_state_reg[7]/Q
                         net (fo=1, routed)           0.095     0.236    calc/instruction/Q[7]
    SLICE_X0Y29          LUT4 (Prop_lut4_I2_O)        0.045     0.281 r  calc/instruction/LED_out[7]_i_1/O
                         net (fo=1, routed)           0.000     0.281    calc/print/D[7]
    SLICE_X0Y29          FDRE                                         r  calc/print/LED_out_reg[7]/D
  -------------------------------------------------------------------    -------------------

Slack:                    inf
  Source:                 calc/print/saved_state_reg[1]/C
                            (rising edge-triggered cell FDRE)
  Destination:            calc/print/LED_out_reg[1]/D
  Path Group:             (none)
  Path Type:              Min at Fast Process Corner
  Data Path Delay:        0.283ns  (logic 0.186ns (65.755%)  route 0.097ns (34.245%))
  Logic Levels:           2  (FDRE=1 LUT4=1)

    Location             Delay type                Incr(ns)  Path(ns)    Netlist Resource(s)
  -------------------------------------------------------------------    -------------------
    SLICE_X1Y29          FDRE                         0.000     0.000 r  calc/print/saved_state_reg[1]/C
    SLICE_X1Y29          FDRE (Prop_fdre_C_Q)         0.141     0.141 r  calc/print/saved_state_reg[1]/Q
                         net (fo=1, routed)           0.097     0.238    calc/instruction/Q[1]
    SLICE_X0Y29          LUT4 (Prop_lut4_I2_O)        0.045     0.283 r  calc/instruction/LED_out[1]_i_1/O
                         net (fo=1, routed)           0.000     0.283    calc/print/D[1]
    SLICE_X0Y29          FDRE                                         r  calc/print/LED_out_reg[1]/D
  -------------------------------------------------------------------    -------------------

Slack:                    inf
  Source:                 calc/print/saved_state_reg[5]/C
                            (rising edge-triggered cell FDRE)
  Destination:            calc/print/LED_out_reg[5]/D
  Path Group:             (none)
  Path Type:              Min at Fast Process Corner
  Data Path Delay:        0.323ns  (logic 0.186ns (57.594%)  route 0.137ns (42.406%))
  Logic Levels:           2  (FDRE=1 LUT4=1)

    Location             Delay type                Incr(ns)  Path(ns)    Netlist Resource(s)
  -------------------------------------------------------------------    -------------------
    SLICE_X1Y29          FDRE                         0.000     0.000 r  calc/print/saved_state_reg[5]/C
    SLICE_X1Y29          FDRE (Prop_fdre_C_Q)         0.141     0.141 r  calc/print/saved_state_reg[5]/Q
                         net (fo=1, routed)           0.137     0.278    calc/instruction/Q[5]
    SLICE_X0Y29          LUT4 (Prop_lut4_I2_O)        0.045     0.323 r  calc/instruction/LED_out[5]_i_1/O
                         net (fo=1, routed)           0.000     0.323    calc/print/D[5]
    SLICE_X0Y29          FDRE                                         r  calc/print/LED_out_reg[5]/D
  -------------------------------------------------------------------    -------------------

Slack:                    inf
  Source:                 calc/print/saved_state_reg[2]/C
                            (rising edge-triggered cell FDRE)
  Destination:            calc/print/LED_out_reg[2]/D
  Path Group:             (none)
  Path Type:              Min at Fast Process Corner
  Data Path Delay:        0.326ns  (logic 0.186ns (57.037%)  route 0.140ns (42.963%))
  Logic Levels:           2  (FDRE=1 LUT4=1)

    Location             Delay type                Incr(ns)  Path(ns)    Netlist Resource(s)
  -------------------------------------------------------------------    -------------------
    SLICE_X3Y28          FDRE                         0.000     0.000 r  calc/print/saved_state_reg[2]/C
    SLICE_X3Y28          FDRE (Prop_fdre_C_Q)         0.141     0.141 r  calc/print/saved_state_reg[2]/Q
                         net (fo=1, routed)           0.140     0.281    calc/instruction/Q[2]
    SLICE_X2Y28          LUT4 (Prop_lut4_I2_O)        0.045     0.326 r  calc/instruction/LED_out[2]_i_1/O
                         net (fo=1, routed)           0.000     0.326    calc/print/D[2]
    SLICE_X2Y28          FDRE                                         r  calc/print/LED_out_reg[2]/D
  -------------------------------------------------------------------    -------------------

Slack:                    inf
  Source:                 calc/print/saved_state_reg[6]/C
                            (rising edge-triggered cell FDRE)
  Destination:            calc/print/LED_out_reg[6]/D
  Path Group:             (none)
  Path Type:              Min at Fast Process Corner
  Data Path Delay:        0.329ns  (logic 0.186ns (56.452%)  route 0.143ns (43.548%))
  Logic Levels:           2  (FDRE=1 LUT4=1)

    Location             Delay type                Incr(ns)  Path(ns)    Netlist Resource(s)
  -------------------------------------------------------------------    -------------------
    SLICE_X1Y29          FDRE                         0.000     0.000 r  calc/print/saved_state_reg[6]/C
    SLICE_X1Y29          FDRE (Prop_fdre_C_Q)         0.141     0.141 r  calc/print/saved_state_reg[6]/Q
                         net (fo=1, routed)           0.143     0.284    calc/instruction/Q[6]
    SLICE_X0Y29          LUT4 (Prop_lut4_I2_O)        0.045     0.329 r  calc/instruction/LED_out[6]_i_1/O
                         net (fo=1, routed)           0.000     0.329    calc/print/D[6]
    SLICE_X0Y29          FDRE                                         r  calc/print/LED_out_reg[6]/D
  -------------------------------------------------------------------    -------------------

Slack:                    inf
  Source:                 calc/reg_file/reg0_reg[0]/C
                            (rising edge-triggered cell FDRE)
  Destination:            calc/reg_file/reg0_reg[0]/D
  Path Group:             (none)
  Path Type:              Min at Fast Process Corner
  Data Path Delay:        0.353ns  (logic 0.186ns (52.691%)  route 0.167ns (47.309%))
  Logic Levels:           2  (FDRE=1 LUT3=1)

    Location             Delay type                Incr(ns)  Path(ns)    Netlist Resource(s)
  -------------------------------------------------------------------    -------------------
    SLICE_X7Y30          FDRE                         0.000     0.000 r  calc/reg_file/reg0_reg[0]/C
    SLICE_X7Y30          FDRE (Prop_fdre_C_Q)         0.141     0.141 r  calc/reg_file/reg0_reg[0]/Q
                         net (fo=3, routed)           0.167     0.308    calc/reg_file/reg0[0]
    SLICE_X7Y30          LUT3 (Prop_lut3_I2_O)        0.045     0.353 r  calc/reg_file/reg0[0]_i_1/O
                         net (fo=1, routed)           0.000     0.353    calc/reg_file/reg0[0]_i_1_n_0
    SLICE_X7Y30          FDRE                                         r  calc/reg_file/reg0_reg[0]/D
  -------------------------------------------------------------------    -------------------

Slack:                    inf
  Source:                 calc/instruction/branch_st_reg/C
                            (rising edge-triggered cell FDRE)
  Destination:            calc/instruction/branch_st_reg/D
  Path Group:             (none)
  Path Type:              Min at Fast Process Corner
  Data Path Delay:        0.363ns  (logic 0.183ns (50.361%)  route 0.180ns (49.639%))
  Logic Levels:           2  (FDRE=1 LUT5=1)

    Location             Delay type                Incr(ns)  Path(ns)    Netlist Resource(s)
  -------------------------------------------------------------------    -------------------
    SLICE_X1Y30          FDRE                         0.000     0.000 r  calc/instruction/branch_st_reg/C
    SLICE_X1Y30          FDRE (Prop_fdre_C_Q)         0.141     0.141 r  calc/instruction/branch_st_reg/Q
                         net (fo=18, routed)          0.180     0.321    calc/instruction/branch_st
    SLICE_X1Y30          LUT5 (Prop_lut5_I3_O)        0.042     0.363 r  calc/instruction/branch_st_i_1/O
                         net (fo=1, routed)           0.000     0.363    calc/instruction/sigBb
    SLICE_X1Y30          FDRE                                         r  calc/instruction/branch_st_reg/D
  -------------------------------------------------------------------    -------------------

Slack:                    inf
  Source:                 calc/print/saved_state_reg[0]/C
                            (rising edge-triggered cell FDRE)
  Destination:            calc/print/LED_out_reg[0]/D
  Path Group:             (none)
  Path Type:              Min at Fast Process Corner
  Data Path Delay:        0.380ns  (logic 0.186ns (48.934%)  route 0.194ns (51.066%))
  Logic Levels:           2  (FDRE=1 LUT4=1)

    Location             Delay type                Incr(ns)  Path(ns)    Netlist Resource(s)
  -------------------------------------------------------------------    -------------------
    SLICE_X3Y28          FDRE                         0.000     0.000 r  calc/print/saved_state_reg[0]/C
    SLICE_X3Y28          FDRE (Prop_fdre_C_Q)         0.141     0.141 r  calc/print/saved_state_reg[0]/Q
                         net (fo=1, routed)           0.194     0.335    calc/instruction/Q[0]
    SLICE_X2Y28          LUT4 (Prop_lut4_I2_O)        0.045     0.380 r  calc/instruction/LED_out[0]_i_1/O
                         net (fo=1, routed)           0.000     0.380    calc/print/D[0]
    SLICE_X2Y28          FDRE                                         r  calc/print/LED_out_reg[0]/D
  -------------------------------------------------------------------    -------------------





--------------------------------------------------------------------------------------
Path Group:  (none)
From Clock:  
  To Clock:  sys_clk_pin

Max Delay             1 Endpoint
Min Delay             1 Endpoint
--------------------------------------------------------------------------------------


Max Delay Paths
--------------------------------------------------------------------------------------
Slack:                    inf
  Source:                 button
                            (input port)
  Destination:            butn/Debouncing_FF0/Q_reg/D
                            (rising edge-triggered cell FDRE clocked by sys_clk_pin  {rise@0.000ns fall@5.000ns period=10.000ns})
  Path Group:             (none)
  Path Type:              Setup (Max at Slow Process Corner)
  Data Path Delay:        4.133ns  (logic 1.441ns (34.875%)  route 2.691ns (65.125%))
  Logic Levels:           1  (IBUF=1)
  Clock Path Skew:        4.785ns (DCD - SCD + CPR)
    Destination Clock Delay (DCD):    4.785ns
    Source Clock Delay      (SCD):    0.000ns
    Clock Pessimism Removal (CPR):    0.000ns
  Clock Uncertainty:      0.025ns  ((TSJ^2 + TIJ^2)^1/2 + DJ) / 2 + PE
    Total System Jitter     (TSJ):    0.050ns
    Total Input Jitter      (TIJ):    0.000ns
    Discrete Jitter          (DJ):    0.000ns
    Phase Error              (PE):    0.000ns

    Location             Delay type                Incr(ns)  Path(ns)    Netlist Resource(s)
  -------------------------------------------------------------------    -------------------
    U18                                               0.000     0.000 r  button (IN)
                         net (fo=0)                   0.000     0.000    button
    U18                  IBUF (Prop_ibuf_I_O)         1.441     1.441 r  button_IBUF_inst/O
                         net (fo=1, routed)           2.691     4.133    butn/Debouncing_FF0/button_IBUF
    SLICE_X34Y46         FDRE                                         r  butn/Debouncing_FF0/Q_reg/D
  -------------------------------------------------------------------    -------------------

                         (clock sys_clk_pin rise edge)
                                                      0.000     0.000 r  
    W5                                                0.000     0.000 r  clk (IN)
                         net (fo=0)                   0.000     0.000    clk
    W5                   IBUF (Prop_ibuf_I_O)         1.388     1.388 r  clk_IBUF_inst/O
                         net (fo=1, routed)           1.862     3.250    clk_IBUF
    BUFGCTRL_X0Y1        BUFG (Prop_bufg_I_O)         0.091     3.341 r  clk_IBUF_BUFG_inst/O
                         net (fo=21, routed)          1.444     4.785    butn/Debouncing_FF0/clk_IBUF_BUFG
    SLICE_X34Y46         FDRE                                         r  butn/Debouncing_FF0/Q_reg/C





Min Delay Paths
--------------------------------------------------------------------------------------
Slack:                    inf
  Source:                 button
                            (input port)
  Destination:            butn/Debouncing_FF0/Q_reg/D
                            (rising edge-triggered cell FDRE clocked by sys_clk_pin  {rise@0.000ns fall@5.000ns period=10.000ns})
  Path Group:             (none)
  Path Type:              Hold (Min at Fast Process Corner)
  Data Path Delay:        1.451ns  (logic 0.210ns (14.440%)  route 1.241ns (85.560%))
  Logic Levels:           1  (IBUF=1)
  Clock Path Skew:        1.958ns (DCD - SCD - CPR)
    Destination Clock Delay (DCD):    1.958ns
    Source Clock Delay      (SCD):    0.000ns
    Clock Pessimism Removal (CPR):    -0.000ns

    Location             Delay type                Incr(ns)  Path(ns)    Netlist Resource(s)
  -------------------------------------------------------------------    -------------------
    U18                                               0.000     0.000 r  button (IN)
                         net (fo=0)                   0.000     0.000    button
    U18                  IBUF (Prop_ibuf_I_O)         0.210     0.210 r  button_IBUF_inst/O
                         net (fo=1, routed)           1.241     1.451    butn/Debouncing_FF0/button_IBUF
    SLICE_X34Y46         FDRE                                         r  butn/Debouncing_FF0/Q_reg/D
  -------------------------------------------------------------------    -------------------

                         (clock sys_clk_pin rise edge)
                                                      0.000     0.000 r  
    W5                                                0.000     0.000 r  clk (IN)
                         net (fo=0)                   0.000     0.000    clk
    W5                   IBUF (Prop_ibuf_I_O)         0.414     0.414 r  clk_IBUF_inst/O
                         net (fo=1, routed)           0.685     1.099    clk_IBUF
    BUFGCTRL_X0Y1        BUFG (Prop_bufg_I_O)         0.029     1.128 r  clk_IBUF_BUFG_inst/O
                         net (fo=21, routed)          0.831     1.958    butn/Debouncing_FF0/clk_IBUF_BUFG
    SLICE_X34Y46         FDRE                                         r  butn/Debouncing_FF0/Q_reg/C





